CatalogNumber,VernacularNameCategory,VernacularName,ScientificName,VerbatimScientificName,TaxonRank,AphiaID,Phylum,Class,Subclass,Order,Suborder,Family,Subfamily,Genus,Subgenus,Species,Subspecies,ScientificNameAuthorship,Synonyms,IdentificationComments,IdentifiedBy,IdentificationDate,IdentificationQualifier,AssociatedSequences,IndividualCount,CategoricalAbundance,Density,Cover,VerbatimSize,WeightInKg,Condition,AssociatedTaxa,OccurrenceComments,Substrate,Habitat,Temperature,Salinity,pH,pHscale,pCO2,TA,DIC,Ocean,LargeMarineEcosystem,Country,FishCouncilRegion,Locality,Station,ObservationDate,ObservationYear,ObservationTime,latitude,longitude,DepthInMeters,DepthMethod,gisEtopoDepth,gisGEBCODepth,gisCRMDepth,StartLatitude,StartLongitude,EndLatitude,EndLongitude,MinimumDepthInMeters,MaximumDepthInMeters,LocationAccuracy,NavType,LocationComments,SurveyID,Vessel,PI,PIAffiliation,Purpose,SurveyComments,EventID,SamplingEquipment,VehicleName,OtherData,DataProvider,DataContact,Modified,RecordType,Repository,Citation,SampleID,TrackingID,DatasetID,WebSite,ImageURL
,,,,,,,,,,,,,,,,,,,,,,,,,,,,percent,,kg,,,,,,degrees_Celsius,PSU,,,microatmosphere,micromole/kg,micromole/kg,,,,,,,,,,degrees_north,degrees_east,m,,m,m,m,degrees_north,degrees_east,degrees_north,degrees_east,m,m,m,,,,,,,,,,,,,,,,,,,,,,,
910820,gorgonian coral,,Plumarella pourtalesii,,species,177840,Cnidaria,Anthozoa,Octocorallia,Scleralcyonacea,,Primnoidae,,Plumarella,,pourtalesii,,"(Verrill, 1883)",Primnoa pourtalesii,DSCRTP_og_scientificname: Plumarella pourtalesii | Plumarella ?portalessi (From: FieldID- Original),"Reed, John",1988-11-09,ID Uncertain,,NaN,present,NaN,,,NaN,,On Dead Lophelia Coral,,,"Coral Rubble,lophelia Mounds",NaN,NaN,NaN,,NaN,NaN,NaN,North Atlantic,Southeast U.S. Continental Shelf,USA,South Atlantic,"Savannah, Georgia",198811091,1988-11-09,1988,,31.68717,-79.291,490,reported,260,254,251,NaN,NaN,NaN,NaN,490,490,>1000m,USBL,Difference from CRM: 239m,1988111,Seward Johnson R/V,"Reed, John",Harbor Branch Oceanographic Institute,Biomedical And Biodiversity Research Of The Benthic Communities With Emphasis On Porifera And Gorgonacea,"From Reed/BMR Archives | Data from this cruise used in: Reed 2004, Reed et al. 2006",JSL-II-1690,submersible,Johnson Sea Link II DSR/V,Johnson-Sea-Link II (Submersible),Harbor Branch Oceanographic Institute,"Reed, John: jreed12@fau.edu",2018-02-12,video observation,Harbor Branch Oceanographic Institute,"Reed, J. (1988). 1988111 Cruise Report.pdf; HBOI Division of Biomedical Marine Research- SE USA; Savannah Lithoherms (JSL-II 1690-1699) cruise aboard the R/V Seward Johnson [data].",198811091001,,HBOI_SJ-88-11,,
910821,sponge (unspecified),sponges,Porifera,,phylum,558,Porifera,,,,,,,,,,,"Grant, 1836",,DSCRTP_og_scientificname: Porifera | POR (From: Phylum- Original),"Reed, John",1988-11-09,morphological ID from sample by taxonomic expert,,NaN,present,NaN,,,NaN,,On Dead Lophelia Coral,,,"Coral Rubble,lophelia Mounds",NaN,NaN,NaN,,NaN,NaN,NaN,North Atlantic,Southeast U.S. Continental Shelf,USA,South Atlantic,"Savannah, Georgia",198811091,1988-11-09,1988,,31.68717,-79.291,490,reported,260,254,251,NaN,NaN,NaN,NaN,490,490,>1000m,USBL,Difference from CRM: 239m,1988111,Seward Johnson R/V,"Reed, John",Harbor Branch Oceanographic Institute,Biomedical And Biodiversity Research Of The Benthic Communities With Emphasis On Porifera And Gorgonacea,"From Reed/BMR Archives | Data from this cruise used in: Reed 2004, Reed et al. 2006",JSL-II-1690,submersible,Johnson Sea Link II DSR/V,Johnson-Sea-Link II (Submersible),Harbor Branch Oceanographic Institute,"Reed, John: jreed12@fau.edu",2018-02-12,specimen,Harbor Branch Oceanographic Institute,"Reed, J. (1988). 1988111 Cruise Report.pdf; HBOI Division of Biomedical Marine Research- SE USA; Savannah Lithoherms (JSL-II 1690-1699) cruise aboard the R/V Seward Johnson [data].",198811091002,,HBOI_SJ-88-11,,
910822,glass sponge,glass sponges | hexactinellid sponges,Hexactinellida,,class,22612,Porifera,Hexactinellida,,,,,,,,,,"Schmidt, 1870",Hyalospongiae,DSCRTP_og_scientificname: Hexactinellida | Hexactinellida (From: FieldID- Original),"Reed, John",1988-11-09,morphological ID from sample by taxonomic expert,,NaN,present,NaN,,,NaN,,On Dead Lophelia Coral,,,"Coral Rubble,lophelia Mounds",NaN,NaN,NaN,,NaN,NaN,NaN,North Atlantic,Southeast U.S. Continental Shelf,USA,South Atlantic,"Savannah, Georgia",198811091,1988-11-09,1988,,31.68717,-79.291,490,reported,260,254,251,NaN,NaN,NaN,NaN,490,490,>1000m,USBL,Difference from CRM: 239m,1988111,Seward Johnson R/V,"Reed, John",Harbor Branch Oceanographic Institute,Biomedical And Biodiversity Research Of The Benthic Communities With Emphasis On Porifera And Gorgonacea,"From Reed/BMR Archives | Data from this cruise used in: Reed 2004, Reed et al. 2006",JSL-II-1690,submersible,Johnson Sea Link II DSR/V,Johnson-Sea-Link II (Submersible),Harbor Branch Oceanographic Institute,"Reed, John: jreed12@fau.edu",2018-02-12,specimen,Harbor Branch Oceanographic Institute,"Reed, J. (1988). 1988111 Cruise Report.pdf; HBOI Division of Biomedical Marine Research- SE USA; Savannah Lithoherms (JSL-II 1690-1699) cruise aboard the R/V Seward Johnson [data].",198811091003,,HBOI_SJ-88-11,,
910823,demosponge,,Geodia,,genus,132005,Porifera,Demospongiae,Heteroscleromorpha,Tetractinellida,Astrophorina,Geodiidae,Geodiinae,Geodia,,,,"Lamarck, 1815",Conciliaspongia | Cydonium | Geodia (Cydonium) | Geodia (Geodia) | Geodia (Isops) | Geodia (Sidonops) | Geodia (Stellogeodia) | Geodia (Synops) | Geodinella | Hataina | Isops | Pyxitis | Sidonops | Silicosphaera | Sydonops | Synops,DSCRTP_og_scientificname: Geodia | GEODIA sp. (From: FieldID- Original),"Reed, John",1988-11-11,morphological ID from sample by taxonomic expert,,NaN,present,NaN,,,NaN,,,,,"Rock/Slope, RIDGE TOP",NaN,NaN,NaN,,NaN,NaN,NaN,North Atlantic,Southeast U.S. Continental Shelf,USA,South Atlantic,"Charleston, South Carolina",198811111,1988-11-11,1988,,32.73533,-78.09667,201,reported,203,199,208,NaN,NaN,NaN,NaN,201,201,>1000m,USBL,Difference from CRM: 7m,1988111,Seward Johnson R/V,"Reed, John",Harbor Branch Oceanographic Institute,Biomedical And Biodiversity Research Of The Benthic Communities With Emphasis On Porifera And Gorgonacea,"From Reed/BMR Archives | Data from this cruise used in: Reed 2004, Reed et al. 2006",JSL-II-1694,submersible,Johnson Sea Link II DSR/V,Johnson-Sea-Link II (Submersible),Harbor Branch Oceanographic Institute,"Reed, John: jreed12@fau.edu",2018-02-12,specimen,Harbor Branch Oceanographic Institute,"Reed, J. (1988). 1988111 Cruise Report.pdf; HBOI Division of Biomedical Marine Research- SE USA; Savannah Lithoherms (JSL-II 1690-1699) cruise aboard the R/V Seward Johnson [data].",198811111001,,HBOI_SJ-88-11,,
910824,demosponge,,Tetractinellida,,order,597812,Porifera,Demospongiae,Heteroscleromorpha,Tetractinellida,,,,,,,,"Marshall, 1876",Ancorinida | Choristida | Craniellida | Dicranocladina | Megamorina | Poecillastrida | Rhizomorina | Tetracladina,DSCRTP_og_scientificname: Tetractinellida | CHORISTIDA (From: FieldID- Original),"Reed, John",1988-11-11,morphological ID from sample by taxonomic expert,,NaN,present,NaN,,,NaN,,,,,"Rock/Slope, RIDGE TOP",NaN,NaN,NaN,,NaN,NaN,NaN,North Atlantic,Southeast U.S. Continental Shelf,USA,South Atlantic,"Charleston, South Carolina",198811111,1988-11-11,1988,,32.73533,-78.09667,200,reported,203,199,208,NaN,NaN,NaN,NaN,200,200,>1000m,USBL,Difference from CRM: 8m,1988111,Seward Johnson R/V,"Reed, John",Harbor Branch Oceanographic Institute,Biomedical And Biodiversity Research Of The Benthic Communities With Emphasis On Porifera And Gorgonacea,"From Reed/BMR Archives | Data from this cruise used in: Reed 2004, Reed et al. 2006",JSL-II-1694,submersible,Johnson Sea Link II DSR/V,Johnson-Sea-Link II (Submersible),Harbor Branch Oceanographic Institute,"Reed, John: jreed12@fau.edu",2018-02-12,specimen,Harbor Branch Oceanographic Institute,"Reed, J. (1988). 1988111 Cruise Report.pdf; HBOI Division of Biomedical Marine Research- SE USA; Savannah Lithoherms (JSL-II 1690-1699) cruise aboard the R/V Seward Johnson [data].",198811111002,,HBOI_SJ-88-11,,
910825,sponge (unspecified),sponges,Porifera,,phylum,558,Porifera,,,,,,,,,,,"Grant, 1836",,DSCRTP_og_scientificname: Porifera | POR (From: Phylum- Original),"Reed, John",1988-11-11,morphological ID from sample by taxonomic expert,,NaN,present,NaN,,,NaN,,,,,"Rock/Slope, RIDGE TOP",NaN,NaN,NaN,,NaN,NaN,NaN,North Atlantic,Southeast U.S. Continental Shelf,USA,South Atlantic,"Charleston, South Carolina",198811111,1988-11-11,1988,,32.73533,-78.09667,200,reported,203,199,208,NaN,NaN,NaN,NaN,200,200,>1000m,USBL,Difference from CRM: 8m,1988111,Seward Johnson R/V,"Reed, John",Harbor Branch Oceanographic Institute,Biomedical And Biodiversity Research Of The Benthic Communities With Emphasis On Porifera And Gorgonacea,"From Reed/BMR Archives | Data from this cruise used in: Reed 2004, Reed et al. 2006",JSL-II-1694,submersible,Johnson Sea Link II DSR/V,Johnson-Sea-Link II (Submersible),Harbor Branch Oceanographic Institute,"Reed, John: jreed12@fau.edu",2018-02-12,specimen,Harbor Branch Oceanographic Institute,"Reed, J. (1988). 1988111 Cruise Report.pdf; HBOI Division of Biomedical Marine Research- SE USA; Savannah Lithoherms (JSL-II 1690-1699) cruise aboard the R/V Seward Johnson [data].",198811111003,,HBOI_SJ-88-11,,
910826,sponge (unspecified),sponges,Porifera,,phylum,558,Porifera,,,,,,,,,,,"Grant, 1836",,DSCRTP_og_scientificname: Porifera | POR (From: Phylum- Original),"Reed, John",1988-11-11,morphological ID from sample by taxonomic expert,,NaN,present,NaN,,,NaN,,,,,"Rock/Slope, RIDGE TOP",NaN,NaN,NaN,,NaN,NaN,NaN,North Atlantic,Southeast U.S. Continental Shelf,USA,South Atlantic,"Charleston, South Carolina",198811111,1988-11-11,1988,,32.73533,-78.09667,200,reported,203,199,208,NaN,NaN,NaN,NaN,200,200,>1000m,USBL,Difference from CRM: 8m,1988111,Seward Johnson R/V,"Reed, John",Harbor Branch Oceanographic Institute,Biomedical And Biodiversity Research Of The Benthic Communities With Emphasis On Porifera And Gorgonacea,"From Reed/BMR Archives | Data from this cruise used in: Reed 2004, Reed et al. 2006",JSL-II-1694,submersible,Johnson Sea Link II DSR/V,Johnson-Sea-Link II (Submersible),Harbor Branch Oceanographic Institute,"Reed, John: jreed12@fau.edu",2018-02-12,specimen,Harbor Branch Oceanographic Institute,"Reed, J. (1988). 1988111 Cruise Report.pdf; HBOI Division of Biomedical Marine Research- SE USA; Savannah Lithoherms (JSL-II 1690-1699) cruise aboard the R/V Seward Johnson [data].",198811111004,,HBOI_SJ-88-11,,
910827,gorgonian coral,,Plumarella,,genus,177839,Cnidaria,Anthozoa,Octocorallia,Scleralcyonacea,,Primnoidae,,Plumarella,,,,"Gray, 1870",Cricogorgia | Dicholaphis | Plumarella (Dicholaphis),DSCRTP_og_scientificname: Plumarella | PLUMARELLA sp. (From: FieldID- Original),"Reed, John",1988-11-11,morphological ID from sample by taxonomic expert,,NaN,present,NaN,,,NaN,,,,,"Rock/Slope, RIDGE TOP",NaN,NaN,NaN,,NaN,NaN,NaN,North Atlantic,Southeast U.S. Continental Shelf,USA,South Atlantic,"Charleston, South Carolina",198811111,1988-11-11,1988,,32.73533,-78.09667,200,reported,203,199,208,NaN,NaN,NaN,NaN,200,200,>1000m,USBL,Difference from CRM: 8m,1988111,Seward Johnson R/V,"Reed, John",Harbor Branch Oceanographic Institute,Biomedical And Biodiversity Research Of The Benthic Communities With Emphasis On Porifera And Gorgonacea,"From Reed/BMR Archives | Data from this cruise used in: Reed 2004, Reed et al. 2006",JSL-II-1694,submersible,Johnson Sea Link II DSR/V,Johnson-Sea-Link II (Submersible),Harbor Branch Oceanographic Institute,"Reed, John: jreed12@fau.edu",2018-02-12,specimen,Harbor Branch Oceanographic Institute,"Reed, J. (1988). 1988111 Cruise Report.pdf; HBOI Division of Biomedical Marine Research- SE USA; Savannah Lithoherms (JSL-II 1690-1699) cruise aboard the R/V Seward Johnson [data].",198811111005,,HBOI_SJ-88-11,,
910828,sponge (unspecified),sponges,Porifera,,phylum,558,Porifera,,,,,,,,,,,"Grant, 1836",,DSCRTP_og_scientificname: Porifera | POR (From: Phylum- Original),"Reed, John",1988-11-11,morphological ID from sample by taxonomic expert,,NaN,present,NaN,,,NaN,,ON ROCK,,,"Rock/Slope, RIDGE TOP",NaN,NaN,NaN,,NaN,NaN,NaN,North Atlantic,Southeast U.S. Continental Shelf,USA,South Atlantic,"Charleston, South Carolina",198811111,1988-11-11,1988,,32.73533,-78.09667,199,reported,203,199,208,NaN,NaN,NaN,NaN,199,199,>1000m,USBL,Difference from CRM: 9m,1988111,Seward Johnson R/V,"Reed, John",Harbor Branch Oceanographic Institute,Biomedical And Biodiversity Research Of The Benthic Communities With Emphasis On Porifera And Gorgonacea,"From Reed/BMR Archives | Data from this cruise used in: Reed 2004, Reed et al. 2006",JSL-II-1694,submersible,Johnson Sea Link II DSR/V,Johnson-Sea-Link II (Submersible),Harbor Branch Oceanographic Institute,"Reed, John: jreed12@fau.edu",2018-02-12,specimen,Harbor Branch Oceanographic Institute,"Reed, J. (1988). 1988111 Cruise Report.pdf; HBOI Division of Biomedical Marine Research- SE USA; Savannah Lithoherms (JSL-II 1690-1699) cruise aboard the R/V Seward Johnson [data].",198811111008,,HBOI_SJ-88-11,,
910829,demosponge,,Tetractinellida,,order,597812,Porifera,Demospongiae,Heteroscleromorpha,Tetractinellida,,,,,,,,"Marshall, 1876",Ancorinida | Choristida | Craniellida | Dicranocladina | Megamorina | Poecillastrida | Rhizomorina | Tetracladina,DSCRTP_og_scientificname: Tetractinellida | CHORISTIDA (From: FieldID- Original),"Reed, John",1988-11-11,morphological ID from sample by taxonomic expert,,NaN,present,NaN,,,NaN,,,,,"Rock/Slope, RIDGE TOP",NaN,NaN,NaN,,NaN,NaN,NaN,North Atlantic,Southeast U.S. Continental Shelf,USA,South Atlantic,"Charleston, South Carolina",198811111,1988-11-11,1988,,32.73533,-78.09667,199,reported,203,199,208,NaN,NaN,NaN,NaN,199,199,>1000m,USBL,Difference from CRM: 9m,1988111,Seward Johnson R/V,"Reed, John",Harbor Branch Oceanographic Institute,Biomedical And Biodiversity Research Of The Benthic Communities With Emphasis On Porifera And Gorgonacea,"From Reed/BMR Archives | Data from this cruise used in: Reed 2004, Reed et al. 2006",JSL-II-1694,submersible,Johnson Sea Link II DSR/V,Johnson-Sea-Link II (Submersible),Harbor Branch Oceanographic Institute,"Reed, John: jreed12@fau.edu",2018-02-12,specimen,Harbor Branch Oceanographic Institute,"Reed, J. (1988). 1988111 Cruise Report.pdf; HBOI Division of Biomedical Marine Research- SE USA; Savannah Lithoherms (JSL-II 1690-1699) cruise aboard the R/V Seward Johnson [data].",198811111009,,HBOI_SJ-88-11,,
910830,demosponge,,Tetractinellida,,order,597812,Porifera,Demospongiae,Heteroscleromorpha,Tetractinellida,,,,,,,,"Marshall, 1876",Ancorinida | Choristida | Craniellida | Dicranocladina | Megamorina | Poecillastrida | Rhizomorina | Tetracladina,DSCRTP_og_scientificname: Tetractinellida | CHORISTIDA (From: FieldID- Original),"Reed, John",1988-11-11,morphological ID from sample by taxonomic expert,,NaN,present,NaN,,,NaN,,,,,"Rock/Slope, RIDGE TOP",NaN,NaN,NaN,,NaN,NaN,NaN,North Atlantic,Southeast U.S. Continental Shelf,USA,South Atlantic,"Charleston, South Carolina",198811111,1988-11-11,1988,,32.73533,-78.09667,197,reported,203,199,208,NaN,NaN,NaN,NaN,197,197,>1000m,USBL,Difference from CRM: 11m,1988111,Seward Johnson R/V,"Reed, John",Harbor Branch Oceanographic Institute,Biomedical And Biodiversity Research Of The Benthic Communities With Emphasis On Porifera And Gorgonacea,"From Reed/BMR Archives | Data from this cruise used in: Reed 2004, Reed et al. 2006",JSL-II-1694,submersible,Johnson Sea Link II DSR/V,Johnson-Sea-Link II (Submersible),Harbor Branch Oceanographic Institute,"Reed, John: jreed12@fau.edu",2018-02-12,specimen,Harbor Branch Oceanographic Institute,"Reed, J. (1988). 1988111 Cruise Report.pdf; HBOI Division of Biomedical Marine Research- SE USA; Savannah Lithoherms (JSL-II 1690-1699) cruise aboard the R/V Seward Johnson [data].",198811111010,,HBOI_SJ-88-11,,
910831,sponge (unspecified),sponges,Porifera,,phylum,558,Porifera,,,,,,,,,,,"Grant, 1836",,DSCRTP_og_scientificname: Porifera | POR (From: Phylum- Original),"Reed, John",1988-11-11,morphological ID from sample by taxonomic expert,,NaN,present,NaN,,,NaN,,,,,"Rock/Slope, RIDGE TOP",NaN,NaN,NaN,,NaN,NaN,NaN,North Atlantic,Southeast U.S. Continental Shelf,USA,South Atlantic,"Charleston, South Carolina",198811111,1988-11-11,1988,,32.73533,-78.09667,197,reported,203,199,208,NaN,NaN,NaN,NaN,197,197,>1000m,USBL,Difference from CRM: 11m,1988111,Seward Johnson R/V,"Reed, John",Harbor Branch Oceanographic Institute,Biomedical And Biodiversity Research Of The Benthic Communities With Emphasis On Porifera And Gorgonacea,"From Reed/BMR Archives | Data from this cruise used in: Reed 2004, Reed et al. 2006",JSL-II-1694,submersible,Johnson Sea Link II DSR/V,Johnson-Sea-Link II (Submersible),Harbor Branch Oceanographic Institute,"Reed, John: jreed12@fau.edu",2018-02-12,specimen,Harbor Branch Oceanographic Institute,"Reed, J. (1988). 1988111 Cruise Report.pdf; HBOI Division of Biomedical Marine Research- SE USA; Savannah Lithoherms (JSL-II 1690-1699) cruise aboard the R/V Seward Johnson [data].",198811111011,,HBOI_SJ-88-11,,
910832,sponge (unspecified),sponges,Porifera,,phylum,558,Porifera,,,,,,,,,,,"Grant, 1836",,DSCRTP_og_scientificname: Porifera | POR (From: Phylum- Original),"Reed, John",1988-11-11,morphological ID from sample by taxonomic expert,,NaN,present,NaN,,,NaN,,,,,"Rock/Slope, RIDGE TOP",NaN,NaN,NaN,,NaN,NaN,NaN,North Atlantic,Southeast U.S. Continental Shelf,USA,South Atlantic,"Charleston, South Carolina",198811111,1988-11-11,1988,,32.73533,-78.09667,196,reported,203,199,208,NaN,NaN,NaN,NaN,196,196,>1000m,USBL,Difference from CRM: 12m,1988111,Seward Johnson R/V,"Reed, John",Harbor Branch Oceanographic Institute,Biomedical And Biodiversity Research Of The Benthic Communities With Emphasis On Porifera And Gorgonacea,"From Reed/BMR Archives | Data from this cruise used in: Reed 2004, Reed et al. 2006",JSL-II-1694,submersible,Johnson Sea Link II DSR/V,Johnson-Sea-Link II (Submersible),Harbor Branch Oceanographic Institute,"Reed, John: jreed12@fau.edu",2018-02-12,specimen,Harbor Branch Oceanographic Institute,"Reed, J. (1988). 1988111 Cruise Report.pdf; HBOI Division of Biomedical Marine Research- SE USA; Savannah Lithoherms (JSL-II 1690-1699) cruise aboard the R/V Seward Johnson [data].",198811111012,,HBOI_SJ-88-11,,
910833,demosponge,,Tetractinellida,,order,597812,Porifera,Demospongiae,Heteroscleromorpha,Tetractinellida,,,,,,,,"Marshall, 1876",Ancorinida | Choristida | Craniellida | Dicranocladina | Megamorina | Poecillastrida | Rhizomorina | Tetracladina,DSCRTP_og_scientificname: Tetractinellida | CHORISTIDA (From: FieldID- Original),"Reed, John",1988-11-11,morphological ID from sample by taxonomic expert,,NaN,present,NaN,,,NaN,,,,,"Rock/Slope, RIDGE TOP",NaN,NaN,NaN,,NaN,NaN,NaN,North Atlantic,Southeast U.S. Continental Shelf,USA,South Atlantic,"Charleston, South Carolina",198811111,1988-11-11,1988,,32.73533,-78.09667,199,reported,203,199,208,NaN,NaN,NaN,NaN,199,199,>1000m,USBL,Difference from CRM: 9m,1988111,Seward Johnson R/V,"Reed, John",Harbor Branch Oceanographic Institute,Biomedical And Biodiversity Research Of The Benthic Communities With Emphasis On Porifera And Gorgonacea,"From Reed/BMR Archives | Data from this cruise used in: Reed 2004, Reed et al. 2006",JSL-II-1694,submersible,Johnson Sea Link II DSR/V,Johnson-Sea-Link II (Submersible),Harbor Branch Oceanographic Institute,"Reed, John: jreed12@fau.edu",2018-02-12,specimen,Harbor Branch Oceanographic Institute,"Reed, J. (1988). 1988111 Cruise Report.pdf; HBOI Division of Biomedical Marine Research- SE USA; Savannah Lithoherms (JSL-II 1690-1699) cruise aboard the R/V Seward Johnson [data].",198811111014,,HBOI_SJ-88-11,,
910834,sponge (unspecified),sponges,Porifera,,phylum,558,Porifera,,,,,,,,,,,"Grant, 1836",,DSCRTP_og_scientificname: Porifera | POR (From: Phylum- Original),"Reed, John",1988-11-11,morphological ID from sample by taxonomic expert,,NaN,present,NaN,,,NaN,,ON ROCK,,,"Rock/Slope, RIDGE TOP",NaN,NaN,NaN,,NaN,NaN,NaN,North Atlantic,Southeast U.S. Continental Shelf,USA,South Atlantic,"Charleston, South Carolina",198811111,1988-11-11,1988,,32.73533,-78.09667,200,reported,203,199,208,NaN,NaN,NaN,NaN,200,200,>1000m,USBL,Difference from CRM: 8m,1988111,Seward Johnson R/V,"Reed, John",Harbor Branch Oceanographic Institute,Biomedical And Biodiversity Research Of The Benthic Communities With Emphasis On Porifera And Gorgonacea,"From Reed/BMR Archives | Data from this cruise used in: Reed 2004, Reed et al. 2006",JSL-II-1694,submersible,Johnson Sea Link II DSR/V,Johnson-Sea-Link II (Submersible),Harbor Branch Oceanographic Institute,"Reed, John: jreed12@fau.edu",2018-02-12,specimen,Harbor Branch Oceanographic Institute,"Reed, J. (1988). 1988111 Cruise Report.pdf; HBOI Division of Biomedical Marine Research- SE USA; Savannah Lithoherms (JSL-II 1690-1699) cruise aboard the R/V Seward Johnson [data].",198811111015,,HBOI_SJ-88-11,,
910835,demosponge,,Tetractinellida,,order,597812,Porifera,Demospongiae,Heteroscleromorpha,Tetractinellida,,,,,,,,"Marshall, 1876",Ancorinida | Choristida | Craniellida | Dicranocladina | Megamorina | Poecillastrida | Rhizomorina | Tetracladina,DSCRTP_og_scientificname: Tetractinellida | CHORISTIDA (From: FieldID- Original),"Reed, John",1988-11-11,morphological ID from sample by taxonomic expert,,NaN,present,NaN,,,NaN,,,,,"Rock/Slope, NEAR RIDGE TOP",NaN,NaN,NaN,,NaN,NaN,NaN,North Atlantic,Southeast U.S. Continental Shelf,USA,South Atlantic,"Charleston, South Carolina",198811112,1988-11-11,1988,,32.736,-78.09933,208,reported,203,199,204,NaN,NaN,NaN,NaN,208,208,>1000m,USBL,Difference from CRM: 5m,1988111,Seward Johnson R/V,"Reed, John",Harbor Branch Oceanographic Institute,Biomedical And Biodiversity Research Of The Benthic Communities With Emphasis On Porifera And Gorgonacea,"From Reed/BMR Archives | Data from this cruise used in: Reed 2004, Reed et al. 2006",JSL-II-1695,submersible,Johnson Sea Link II DSR/V,Johnson-Sea-Link II (Submersible),Harbor Branch Oceanographic Institute,"Reed, John: jreed12@fau.edu",2018-02-12,specimen,Harbor Branch Oceanographic Institute,"Reed, J. (1988). 1988111 Cruise Report.pdf; HBOI Division of Biomedical Marine Research- SE USA; Savannah Lithoherms (JSL-II 1690-1699) cruise aboard the R/V Seward Johnson [data].",198811112001,,HBOI_SJ-88-11,,
910836,sponge (unspecified),sponges,Porifera,,phylum,558,Porifera,,,,,,,,,,,"Grant, 1836",,DSCRTP_og_scientificname: Porifera | POR (From: Phylum- Original),"Reed, John",1988-11-11,morphological ID from sample by taxonomic expert,,NaN,present,NaN,,,NaN,,,,,"Rock/Slope, NEAR RIDGE TOP",NaN,NaN,NaN,,NaN,NaN,NaN,North Atlantic,Southeast U.S. Continental Shelf,USA,South Atlantic,"Charleston, South Carolina",198811112,1988-11-11,1988,,32.736,-78.09933,207,reported,203,199,204,NaN,NaN,NaN,NaN,207,207,>1000m,USBL,Difference from CRM: 3m,1988111,Seward Johnson R/V,"Reed, John",Harbor Branch Oceanographic Institute,Biomedical And Biodiversity Research Of The Benthic Communities With Emphasis On Porifera And Gorgonacea,"From Reed/BMR Archives | Data from this cruise used in: Reed 2004, Reed et al. 2006",JSL-II-1695,submersible,Johnson Sea Link II DSR/V,Johnson-Sea-Link II (Submersible),Harbor Branch Oceanographic Institute,"Reed, John: jreed12@fau.edu",2018-02-12,specimen,Harbor Branch Oceanographic Institute,"Reed, J. (1988). 1988111 Cruise Report.pdf; HBOI Division of Biomedical Marine Research- SE USA; Savannah Lithoherms (JSL-II 1690-1699) cruise aboard the R/V Seward Johnson [data].",198811112002,,HBOI_SJ-88-11,,
910837,gorgonian coral,,Plumarella,,genus,177839,Cnidaria,Anthozoa,Octocorallia,Scleralcyonacea,,Primnoidae,,Plumarella,,,,"Gray, 1870",Cricogorgia | Dicholaphis | Plumarella (Dicholaphis),DSCRTP_og_scientificname: Plumarella | PLUMARELLA SP. (From: FieldID- Original),"Reed, John",1988-11-11,morphological ID from sample by taxonomic expert,,NaN,present,NaN,,,NaN,,,,,"Rock/Slope, NEAR RIDGE TOP",NaN,NaN,NaN,,NaN,NaN,NaN,North Atlantic,Southeast U.S. Continental Shelf,USA,South Atlantic,"Charleston, South Carolina",198811112,1988-11-11,1988,,32.736,-78.09933,206,reported,203,199,204,NaN,NaN,NaN,NaN,206,206,>1000m,USBL,Difference from CRM: 2m,1988111,Seward Johnson R/V,"Reed, John",Harbor Branch Oceanographic Institute,Biomedical And Biodiversity Research Of The Benthic Communities With Emphasis On Porifera And Gorgonacea,"From Reed/BMR Archives | Data from this cruise used in: Reed 2004, Reed et al. 2006",JSL-II-1695,submersible,Johnson Sea Link II DSR/V,Johnson-Sea-Link II (Submersible),Harbor Branch Oceanographic Institute,"Reed, John: jreed12@fau.edu",2018-02-12,specimen,Harbor Branch Oceanographic Institute,"Reed, J. (1988). 1988111 Cruise Report.pdf; HBOI Division of Biomedical Marine Research- SE USA; Savannah Lithoherms (JSL-II 1690-1699) cruise aboard the R/V Seward Johnson [data].",198811112003,,HBOI_SJ-88-11,,
910838,demosponge,,Tetractinellida,,order,597812,Porifera,Demospongiae,Heteroscleromorpha,Tetractinellida,,,,,,,,"Marshall, 1876",Ancorinida | Choristida | Craniellida | Dicranocladina | Megamorina | Poecillastrida | Rhizomorina | Tetracladina,DSCRTP_og_scientificname: Tetractinellida | CHORISTIDA (From: FieldID- Original),"Reed, John",1988-11-11,morphological ID from sample by taxonomic expert,,NaN,present,NaN,,,NaN,,,,,"Rock/Slope, NEAR RIDGE TOP",NaN,NaN,NaN,,NaN,NaN,NaN,North Atlantic,Southeast U.S. Continental Shelf,USA,South Atlantic,"Charleston, South Carolina",198811112,1988-11-11,1988,,32.736,-78.09933,205,reported,203,199,204,NaN,NaN,NaN,NaN,205,205,>1000m,USBL,Difference from CRM: 1m,1988111,Seward Johnson R/V,"Reed, John",Harbor Branch Oceanographic Institute,Biomedical And Biodiversity Research Of The Benthic Communities With Emphasis On Porifera And Gorgonacea,"From Reed/BMR Archives | Data from this cruise used in: Reed 2004, Reed et al. 2006",JSL-II-1695,submersible,Johnson Sea Link II DSR/V,Johnson-Sea-Link II (Submersible),Harbor Branch Oceanographic Institute,"Reed, John: jreed12@fau.edu",2018-02-12,specimen,Harbor Branch Oceanographic Institute,"Reed, J. (1988). 1988111 Cruise Report.pdf; HBOI Division of Biomedical Marine Research- SE USA; Savannah Lithoherms (JSL-II 1690-1699) cruise aboard the R/V Seward Johnson [data].",198811112004,,HBOI_SJ-88-11,,
910839,demosponge,,Tetractinellida,,order,597812,Porifera,Demospongiae,Heteroscleromorpha,Tetractinellida,,,,,,,,"Marshall, 1876",Ancorinida | Choristida | Craniellida | Dicranocladina | Megamorina | Poecillastrida | Rhizomorina | Tetracladina,DSCRTP_og_scientificname: Tetractinellida | CHORISTIDA (From: FieldID- Original),"Reed, John",1988-11-11,morphological ID from sample by taxonomic expert,,NaN,present,NaN,,,NaN,,,,,"Rock/Slope, NEAR RIDGE TOP",NaN,NaN,NaN,,NaN,NaN,NaN,North Atlantic,Southeast U.S. Continental Shelf,USA,South Atlantic,"Charleston, South Carolina",198811112,1988-11-11,1988,,32.736,-78.09933,204,reported,203,199,204,NaN,NaN,NaN,NaN,204,204,>1000m,USBL,Difference from CRM: 0m,1988111,Seward Johnson R/V,"Reed, John",Harbor Branch Oceanographic Institute,Biomedical And Biodiversity Research Of The Benthic Communities With Emphasis On Porifera And Gorgonacea,"From Reed/BMR Archives | Data from this cruise used in: Reed 2004, Reed et al. 2006",JSL-II-1695,submersible,Johnson Sea Link II DSR/V,Johnson-Sea-Link II (Submersible),Harbor Branch Oceanographic Institute,"Reed, John: jreed12@fau.edu",2018-02-12,specimen,Harbor Branch Oceanographic Institute,"Reed, J. (1988). 1988111 Cruise Report.pdf; HBOI Division of Biomedical Marine Research- SE USA; Savannah Lithoherms (JSL-II 1690-1699) cruise aboard the R/V Seward Johnson [data].",198811112005,,HBOI_SJ-88-11,,
910840,sponge (unspecified),sponges,Porifera,,phylum,558,Porifera,,,,,,,,,,,"Grant, 1836",,DSCRTP_og_scientificname: Porifera | POR (From: Phylum- Original),"Reed, John",1988-11-11,morphological ID from sample by taxonomic expert,,NaN,present,NaN,,,NaN,,,,,"Rock/Slope, NEAR RIDGE TOP",NaN,NaN,NaN,,NaN,NaN,NaN,North Atlantic,Southeast U.S. Continental Shelf,USA,South Atlantic,"Charleston, South Carolina",198811112,1988-11-11,1988,,32.736,-78.09933,206,reported,203,199,204,NaN,NaN,NaN,NaN,206,206,>1000m,USBL,Difference from CRM: 2m,1988111,Seward Johnson R/V,"Reed, John",Harbor Branch Oceanographic Institute,Biomedical And Biodiversity Research Of The Benthic Communities With Emphasis On Porifera And Gorgonacea,"From Reed/BMR Archives | Data from this cruise used in: Reed 2004, Reed et al. 2006",JSL-II-1695,submersible,Johnson Sea Link II DSR/V,Johnson-Sea-Link II (Submersible),Harbor Branch Oceanographic Institute,"Reed, John: jreed12@fau.edu",2018-02-12,specimen,Harbor Branch Oceanographic Institute,"Reed, J. (1988). 1988111 Cruise Report.pdf; HBOI Division of Biomedical Marine Research- SE USA; Savannah Lithoherms (JSL-II 1690-1699) cruise aboard the R/V Seward Johnson [data].",198811112007,,HBOI_SJ-88-11,,
910841,demosponge,,Tetractinellida,,order,597812,Porifera,Demospongiae,Heteroscleromorpha,Tetractinellida,,,,,,,,"Marshall, 1876",Ancorinida | Choristida | Craniellida | Dicranocladina | Megamorina | Poecillastrida | Rhizomorina | Tetracladina,DSCRTP_og_scientificname: Tetractinellida | CHORISTIDA (From: FieldID- Original),"Reed, John",1988-11-11,morphological ID from sample by taxonomic expert,,NaN,present,NaN,,,NaN,,,,,"Rock/Slope, NEAR RIDGE TOP",NaN,NaN,NaN,,NaN,NaN,NaN,North Atlantic,Southeast U.S. Continental Shelf,USA,South Atlantic,"Charleston, South Carolina",198811112,1988-11-11,1988,,32.736,-78.09933,206,reported,203,199,204,NaN,NaN,NaN,NaN,206,206,>1000m,USBL,Difference from CRM: 2m,1988111,Seward Johnson R/V,"Reed, John",Harbor Branch Oceanographic Institute,Biomedical And Biodiversity Research Of The Benthic Communities With Emphasis On Porifera And Gorgonacea,"From Reed/BMR Archives | Data from this cruise used in: Reed 2004, Reed et al. 2006",JSL-II-1695,submersible,Johnson Sea Link II DSR/V,Johnson-Sea-Link II (Submersible),Harbor Branch Oceanographic Institute,"Reed, John: jreed12@fau.edu",2018-02-12,specimen,Harbor Branch Oceanographic Institute,"Reed, J. (1988). 1988111 Cruise Report.pdf; HBOI Division of Biomedical Marine Research- SE USA; Savannah Lithoherms (JSL-II 1690-1699) cruise aboard the R/V Seward Johnson [data].",198811112008,,HBOI_SJ-88-11,,
910842,demosponge,,Heteroscleromorpha,,subclass,607950,Porifera,Demospongiae,Heteroscleromorpha,,,,,,,,,"C\u00e1rdenas, P\u00e9rez & Boury-Esnault, 2012",Democlavia | Desmacidonitida | Hadromerida | Halichondrida | Haploscleromorpha | Lithistida | Spirastrellida,DSCRTP_og_scientificname: Heteroscleromorpha | LITHISTIDA (From: FieldID- Original),"Reed, John",1988-11-11,morphological ID from sample by taxonomic expert,,NaN,present,NaN,,,NaN,,,,,"Rock/Slope, NEAR RIDGE TOP",NaN,NaN,NaN,,NaN,NaN,NaN,North Atlantic,Southeast U.S. Continental Shelf,USA,South Atlantic,"Charleston, South Carolina",198811112,1988-11-11,1988,,32.736,-78.09933,206,reported,203,199,204,NaN,NaN,NaN,NaN,206,206,>1000m,USBL,Difference from CRM: 2m,1988111,Seward Johnson R/V,"Reed, John",Harbor Branch Oceanographic Institute,Biomedical And Biodiversity Research Of The Benthic Communities With Emphasis On Porifera And Gorgonacea,"From Reed/BMR Archives | Data from this cruise used in: Reed 2004, Reed et al. 2006",JSL-II-1695,submersible,Johnson Sea Link II DSR/V,Johnson-Sea-Link II (Submersible),Harbor Branch Oceanographic Institute,"Reed, John: jreed12@fau.edu",2018-02-12,specimen,Harbor Branch Oceanographic Institute,"Reed, J. (1988). 1988111 Cruise Report.pdf; HBOI Division of Biomedical Marine Research- SE USA; Savannah Lithoherms (JSL-II 1690-1699) cruise aboard the R/V Seward Johnson [data].",198811112009,,HBOI_SJ-88-11,,
910843,sponge (unspecified),sponges,Porifera,,phylum,558,Porifera,,,,,,,,,,,"Grant, 1836",,DSCRTP_og_scientificname: Porifera | POR (From: Phylum- Original),"Reed, John",1988-11-11,morphological ID from sample by taxonomic expert,,NaN,present,NaN,,,NaN,,,,,"Rock/Slope, NEAR RIDGE TOP",NaN,NaN,NaN,,NaN,NaN,NaN,North Atlantic,Southeast U.S. Continental Shelf,USA,South Atlantic,"Charleston, South Carolina",198811112,1988-11-11,1988,,32.736,-78.09933,206,reported,203,199,204,NaN,NaN,NaN,NaN,206,206,>1000m,USBL,Difference from CRM: 2m,1988111,Seward Johnson R/V,"Reed, John",Harbor Branch Oceanographic Institute,Biomedical And Biodiversity Research Of The Benthic Communities With Emphasis On Porifera And Gorgonacea,"From Reed/BMR Archives | Data from this cruise used in: Reed 2004, Reed et al. 2006",JSL-II-1695,submersible,Johnson Sea Link II DSR/V,Johnson-Sea-Link II (Submersible),Harbor Branch Oceanographic Institute,"Reed, John: jreed12@fau.edu",2018-02-12,specimen,Harbor Branch Oceanographic Institute,"Reed, J. (1988). 1988111 Cruise Report.pdf; HBOI Division of Biomedical Marine Research- SE USA; Savannah Lithoherms (JSL-II 1690-1699) cruise aboard the R/V Seward Johnson [data].",198811112010,,HBOI_SJ-88-11,,
910844,demosponge,,Tetractinellida,,order,597812,Porifera,Demospongiae,Heteroscleromorpha,Tetractinellida,,,,,,,,"Marshall, 1876",Ancorinida | Choristida | Craniellida | Dicranocladina | Megamorina | Poecillastrida | Rhizomorina | Tetracladina,DSCRTP_og_scientificname: Tetractinellida | CHORISTIDA (From: FieldID- Original),"Reed, John",1988-11-11,morphological ID from sample by taxonomic expert,,NaN,present,NaN,,,NaN,,,,,"Rock/Slope, NEAR RIDGE TOP",NaN,NaN,NaN,,NaN,NaN,NaN,North Atlantic,Southeast U.S. Continental Shelf,USA,South Atlantic,"Charleston, South Carolina",198811112,1988-11-11,1988,,32.736,-78.09933,206,reported,203,199,204,NaN,NaN,NaN,NaN,206,206,>1000m,USBL,Difference from CRM: 2m,1988111,Seward Johnson R/V,"Reed, John",Harbor Branch Oceanographic Institute,Biomedical And Biodiversity Research Of The Benthic Communities With Emphasis On Porifera And Gorgonacea,"From Reed/BMR Archives | Data from this cruise used in: Reed 2004, Reed et al. 2006",JSL-II-1695,submersible,Johnson Sea Link II DSR/V,Johnson-Sea-Link II (Submersible),Harbor Branch Oceanographic Institute,"Reed, John: jreed12@fau.edu",2018-02-12,specimen,Harbor Branch Oceanographic Institute,"Reed, J. (1988). 1988111 Cruise Report.pdf; HBOI Division of Biomedical Marine Research- SE USA; Savannah Lithoherms (JSL-II 1690-1699) cruise aboard the R/V Seward Johnson [data].",198811112011,,HBOI_SJ-88-11,,
910845,sponge (unspecified),sponges,Porifera,,phylum,558,Porifera,,,,,,,,,,,"Grant, 1836",,DSCRTP_og_scientificname: Porifera | POR (From: Phylum- Original),"Reed, John",1988-11-11,morphological ID from sample by taxonomic expert,,NaN,present,NaN,,,NaN,,,,,"Rock/Slope, NEAR RIDGE TOP",NaN,NaN,NaN,,NaN,NaN,NaN,North Atlantic,Southeast U.S. Continental Shelf,USA,South Atlantic,"Charleston, South Carolina",198811112,1988-11-11,1988,,32.736,-78.09933,207,reported,203,199,204,NaN,NaN,NaN,NaN,207,207,>1000m,USBL,Difference from CRM: 3m,1988111,Seward Johnson R/V,"Reed, John",Harbor Branch Oceanographic Institute,Biomedical And Biodiversity Research Of The Benthic Communities With Emphasis On Porifera And Gorgonacea,"From Reed/BMR Archives | Data from this cruise used in: Reed 2004, Reed et al. 2006",JSL-II-1695,submersible,Johnson Sea Link II DSR/V,Johnson-Sea-Link II (Submersible),Harbor Branch Oceanographic Institute,"Reed, John: jreed12@fau.edu",2018-02-12,specimen,Harbor Branch Oceanographic Institute,"Reed, J. (1988). 1988111 Cruise Report.pdf; HBOI Division of Biomedical Marine Research- SE USA; Savannah Lithoherms (JSL-II 1690-1699) cruise aboard the R/V Seward Johnson [data].",198811112012,,HBOI_SJ-88-11,,
910846,demosponge,bell sponge | vase sponge,Ircinia campana,,species,165009,Porifera,Demospongiae,Keratosa,Dictyoceratida,,Irciniidae,,Ircinia,,campana,,"(Lamarck, 1814)",Hircinia (Sarcotragus) campana | Hircinia campana | Hircinia campana var. fixa | Hircinia campana var. typica | Polytherses campana | Polytherses campana var. dimidiata | Polytherses campana var. fixa | Spongia campana | Stematumenia scyphus,DSCRTP_og_scientificname: Ircinia campana | IRCINIA CAMPANA (From: FieldID- Original),"Reed, John",1988-11-13,morphological ID from sample by taxonomic expert,,NaN,present,NaN,,,NaN,,,,,"Rock/Flat, LOW RELIEF HARD BOTTOM",NaN,NaN,NaN,,NaN,NaN,NaN,North Atlantic,Southeast U.S. Continental Shelf,USA,South Atlantic,"Savannah, Georgia",198811131,1988-11-13,1988,,31.53183,-79.7385,62,reported,67,65,62,NaN,NaN,NaN,NaN,62,62,>1000m,USBL,Difference from CRM: 0m,1988111,Seward Johnson R/V,"Reed, John",Harbor Branch Oceanographic Institute,Biomedical And Biodiversity Research Of The Benthic Communities With Emphasis On Porifera And Gorgonacea,"From Reed/BMR Archives | Data from this cruise used in: Reed 2004, Reed et al. 2006",JSL-II-1696,submersible,Johnson Sea Link II DSR/V,Johnson-Sea-Link II (Submersible),Harbor Branch Oceanographic Institute,"Reed, John: jreed12@fau.edu",2018-02-12,specimen,Harbor Branch Oceanographic Institute,"Reed, J. (1988). 1988111 Cruise Report.pdf; HBOI Division of Biomedical Marine Research- SE USA; Savannah Lithoherms (JSL-II 1690-1699) cruise aboard the R/V Seward Johnson [data].",198811131002,,HBOI_SJ-88-11,,
910847,demosponge,,Axinellida,,order,163084,Porifera,Demospongiae,Heteroscleromorpha,Axinellida,,,,,,,,"L\u00e9vi, 1953",,DSCRTP_og_scientificname: Axinellida | AXINELLIDA (From: FieldID- Original),"Reed, John",1988-11-13,morphological ID from sample by taxonomic expert,,NaN,present,NaN,,,NaN,,,,,"Rock/Flat, LOW RELIEF HARD BOTTOM",NaN,NaN,NaN,,NaN,NaN,NaN,North Atlantic,Southeast U.S. Continental Shelf,USA,South Atlantic,"Savannah, Georgia",198811131,1988-11-13,1988,,31.53183,-79.7385,62,reported,67,65,62,NaN,NaN,NaN,NaN,62,62,>1000m,USBL,Difference from CRM: 0m,1988111,Seward Johnson R/V,"Reed, John",Harbor Branch Oceanographic Institute,Biomedical And Biodiversity Research Of The Benthic Communities With Emphasis On Porifera And Gorgonacea,"From Reed/BMR Archives | Data from this cruise used in: Reed 2004, Reed et al. 2006",JSL-II-1696,submersible,Johnson Sea Link II DSR/V,Johnson-Sea-Link II (Submersible),Harbor Branch Oceanographic Institute,"Reed, John: jreed12@fau.edu",2018-02-12,specimen,Harbor Branch Oceanographic Institute,"Reed, J. (1988). 1988111 Cruise Report.pdf; HBOI Division of Biomedical Marine Research- SE USA; Savannah Lithoherms (JSL-II 1690-1699) cruise aboard the R/V Seward Johnson [data].",198811131004,,HBOI_SJ-88-11,,
910848,demosponge,,Axinella,,genus,131774,Porifera,Demospongiae,Heteroscleromorpha,Axinellida,,Axinellidae,,Axinella,,,,"Schmidt, 1862",Axidragma | Axinella (Homaxinella) | Axinella (Stylissa) | Axinosia | Chalinissa | Pseudaxinella | Querciclona | Teichaxinella | Tragosia,DSCRTP_og_scientificname: Axinella | ?HOMAXINELLA SP. (From: FieldID- Original),"Reed, John",1988-11-13,ID Uncertain,,NaN,present,NaN,,,NaN,,,,,"Rock/Flat, LOW RELIEF HARD BOTTOM",NaN,NaN,NaN,,NaN,NaN,NaN,North Atlantic,Southeast U.S. Continental Shelf,USA,South Atlantic,"Savannah, Georgia",198811131,1988-11-13,1988,,31.53183,-79.7385,61,reported,67,65,62,NaN,NaN,NaN,NaN,61,61,>1000m,USBL,Difference from CRM: 1m,1988111,Seward Johnson R/V,"Reed, John",Harbor Branch Oceanographic Institute,Biomedical And Biodiversity Research Of The Benthic Communities With Emphasis On Porifera And Gorgonacea,"From Reed/BMR Archives | Data from this cruise used in: Reed 2004, Reed et al. 2006",JSL-II-1696,submersible,Johnson Sea Link II DSR/V,Johnson-Sea-Link II (Submersible),Harbor Branch Oceanographic Institute,"Reed, John: jreed12@fau.edu",2018-02-12,video observation,Harbor Branch Oceanographic Institute,"Reed, J. (1988). 1988111 Cruise Report.pdf; HBOI Division of Biomedical Marine Research- SE USA; Savannah Lithoherms (JSL-II 1690-1699) cruise aboard the R/V Seward Johnson [data].",198811131005,,HBOI_SJ-88-11,,
910849,demosponge,bumpy ball sponge | cake sponge | loggerhead sponge | pillow stinking sponge,Ircinia strobilina,,species,165051,Porifera,Demospongiae,Keratosa,Dictyoceratida,,Irciniidae,,Ircinia,,strobilina,,"(Lamarck, 1816)",Dysidicinia longispina | Filifera verrucosa | Hircinia (Dysidicinia) longispina | Hircinia (Psammocinia) verrucosa | Hircinia acuta | Hircinia acuta var. filamenta | Hircinia acuta var. longispina | Hircinia acuta var. nigra | Hircinia strobilina | Hircinia verrucosa | Ircinia acuta | Ircinia acuta var. longispina | Ircinia linguiformis | Ircinia longispina | Ircinia verrucosa | Polytherses capitata | Polytherses cylindrica | Polytherses ignobilis | Polytherses linguiformis | Polytherses longispina | Spongia strobilina | Stelospongos longispinus,DSCRTP_og_scientificname: Ircinia strobilina | IRCINIA ?STROBILINA (From: FieldID- Original),"Reed, John",1988-11-13,ID Uncertain,,NaN,present,NaN,,,NaN,,,,,"Rock/Flat, LOW RELIEF HARD BOTTOM",NaN,NaN,NaN,,NaN,NaN,NaN,North Atlantic,Southeast U.S. Continental Shelf,USA,South Atlantic,"Savannah, Georgia",198811131,1988-11-13,1988,,31.53183,-79.7385,61,reported,67,65,62,NaN,NaN,NaN,NaN,61,61,>1000m,USBL,Difference from CRM: 1m,1988111,Seward Johnson R/V,"Reed, John",Harbor Branch Oceanographic Institute,Biomedical And Biodiversity Research Of The Benthic Communities With Emphasis On Porifera And Gorgonacea,"From Reed/BMR Archives | Data from this cruise used in: Reed 2004, Reed et al. 2006",JSL-II-1696,submersible,Johnson Sea Link II DSR/V,Johnson-Sea-Link II (Submersible),Harbor Branch Oceanographic Institute,"Reed, John: jreed12@fau.edu",2018-02-12,video observation,Harbor Branch Oceanographic Institute,"Reed, J. (1988). 1988111 Cruise Report.pdf; HBOI Division of Biomedical Marine Research- SE USA; Savannah Lithoherms (JSL-II 1690-1699) cruise aboard the R/V Seward Johnson [data].",198811131006,,HBOI_SJ-88-11,,
910850,demosponge,,Axinellida,,order,163084,Porifera,Demospongiae,Heteroscleromorpha,Axinellida,,,,,,,,"L\u00e9vi, 1953",,DSCRTP_og_scientificname: Axinellida | AXINELLIDA (From: FieldID- Original),"Reed, John",1988-11-13,morphological ID from sample by taxonomic expert,,NaN,present,NaN,,,NaN,,,,,"Rock/Flat, LOW RELIEF HARD BOTTOM",NaN,NaN,NaN,,NaN,NaN,NaN,North Atlantic,Southeast U.S. Continental Shelf,USA,South Atlantic,"Savannah, Georgia",198811131,1988-11-13,1988,,31.53183,-79.7385,61,reported,67,65,62,NaN,NaN,NaN,NaN,61,61,>1000m,USBL,Difference from CRM: 1m,1988111,Seward Johnson R/V,"Reed, John",Harbor Branch Oceanographic Institute,Biomedical And Biodiversity Research Of The Benthic Communities With Emphasis On Porifera And Gorgonacea,"From Reed/BMR Archives | Data from this cruise used in: Reed 2004, Reed et al. 2006",JSL-II-1696,submersible,Johnson Sea Link II DSR/V,Johnson-Sea-Link II (Submersible),Harbor Branch Oceanographic Institute,"Reed, John: jreed12@fau.edu",2018-02-12,specimen,Harbor Branch Oceanographic Institute,"Reed, J. (1988). 1988111 Cruise Report.pdf; HBOI Division of Biomedical Marine Research- SE USA; Savannah Lithoherms (JSL-II 1690-1699) cruise aboard the R/V Seward Johnson [data].",198811131007,,HBOI_SJ-88-11,,
910851,gorgonian coral,,Plexauridae,,family,125277,Cnidaria,Anthozoa,Octocorallia,Malacalcyonacea,,Plexauridae,,,,,,"Gray, 1859",Allogorgiidae | Euniceidae,DSCRTP_og_scientificname: Plexauridae | PLEXAURIDAE (From: FieldID- Original),"Reed, John",1988-11-13,morphological ID from sample by taxonomic expert,,NaN,present,NaN,,,NaN,,,,,"Rock/Flat, LOW RELIEF HARD BOTTOM",NaN,NaN,NaN,,NaN,NaN,NaN,North Atlantic,Southeast U.S. Continental Shelf,USA,South Atlantic,"Savannah, Georgia",198811131,1988-11-13,1988,,31.53183,-79.7385,62,reported,67,65,62,NaN,NaN,NaN,NaN,62,62,>1000m,USBL,Difference from CRM: 0m,1988111,Seward Johnson R/V,"Reed, John",Harbor Branch Oceanographic Institute,Biomedical And Biodiversity Research Of The Benthic Communities With Emphasis On Porifera And Gorgonacea,"From Reed/BMR Archives | Data from this cruise used in: Reed 2004, Reed et al. 2006",JSL-II-1696,submersible,Johnson Sea Link II DSR/V,Johnson-Sea-Link II (Submersible),Harbor Branch Oceanographic Institute,"Reed, John: jreed12@fau.edu",2018-02-12,specimen,Harbor Branch Oceanographic Institute,"Reed, J. (1988). 1988111 Cruise Report.pdf; HBOI Division of Biomedical Marine Research- SE USA; Savannah Lithoherms (JSL-II 1690-1699) cruise aboard the R/V Seward Johnson [data].",198811131009,,HBOI_SJ-88-11,,
910852,soft coral,,Telesto,,genus,177688,Cnidaria,Anthozoa,Octocorallia,Malacalcyonacea,,Tubiporidae,,Telesto,,,,"Lamouroux, 1812",,DSCRTP_og_scientificname: Telesto | TELESTO SP. (From: FieldID- Original),"Reed, John",1988-11-13,morphological ID from sample by taxonomic expert,,NaN,present,NaN,,,NaN,,,,,"Rock/Flat, LOW RELIEF HARD BOTTOM",NaN,NaN,NaN,,NaN,NaN,NaN,North Atlantic,Southeast U.S. Continental Shelf,USA,South Atlantic,"Savannah, Georgia",198811131,1988-11-13,1988,,31.53183,-79.7385,62,reported,67,65,62,NaN,NaN,NaN,NaN,62,62,>1000m,USBL,Difference from CRM: 0m,1988111,Seward Johnson R/V,"Reed, John",Harbor Branch Oceanographic Institute,Biomedical And Biodiversity Research Of The Benthic Communities With Emphasis On Porifera And Gorgonacea,"From Reed/BMR Archives | Data from this cruise used in: Reed 2004, Reed et al. 2006",JSL-II-1696,submersible,Johnson Sea Link II DSR/V,Johnson-Sea-Link II (Submersible),Harbor Branch Oceanographic Institute,"Reed, John: jreed12@fau.edu",2018-02-12,specimen,Harbor Branch Oceanographic Institute,"Reed, J. (1988). 1988111 Cruise Report.pdf; HBOI Division of Biomedical Marine Research- SE USA; Savannah Lithoherms (JSL-II 1690-1699) cruise aboard the R/V Seward Johnson [data].",198811131010,,HBOI_SJ-88-11,,
910853,demosponge,,Axinellida,,order,163084,Porifera,Demospongiae,Heteroscleromorpha,Axinellida,,,,,,,,"L\u00e9vi, 1953",,DSCRTP_og_scientificname: Axinellida | AXINELLIDA + ZOANTHARIA (From: FieldID- Original),"Reed, John",1988-11-13,morphological ID from sample by taxonomic expert,,NaN,present,NaN,,,NaN,,ZOANTHIDS ON SFC.,,,"Rock/Flat, LOW RELIEF HARD BOTTOM",NaN,NaN,NaN,,NaN,NaN,NaN,North Atlantic,Southeast U.S. Continental Shelf,USA,South Atlantic,"Savannah, Georgia",198811131,1988-11-13,1988,,31.53183,-79.7385,62,reported,67,65,62,NaN,NaN,NaN,NaN,62,62,>1000m,USBL,Difference from CRM: 0m,1988111,Seward Johnson R/V,"Reed, John",Harbor Branch Oceanographic Institute,Biomedical And Biodiversity Research Of The Benthic Communities With Emphasis On Porifera And Gorgonacea,"From Reed/BMR Archives | Data from this cruise used in: Reed 2004, Reed et al. 2006",JSL-II-1696,submersible,Johnson Sea Link II DSR/V,Johnson-Sea-Link II (Submersible),Harbor Branch Oceanographic Institute,"Reed, John: jreed12@fau.edu",2018-02-12,specimen,Harbor Branch Oceanographic Institute,"Reed, J. (1988). 1988111 Cruise Report.pdf; HBOI Division of Biomedical Marine Research- SE USA; Savannah Lithoherms (JSL-II 1690-1699) cruise aboard the R/V Seward Johnson [data].",198811131011,,HBOI_SJ-88-11,,
910854,demosponge,,Tetractinellida,,order,597812,Porifera,Demospongiae,Heteroscleromorpha,Tetractinellida,,,,,,,,"Marshall, 1876",Ancorinida | Choristida | Craniellida | Dicranocladina | Megamorina | Poecillastrida | Rhizomorina | Tetracladina,DSCRTP_og_scientificname: Tetractinellida | CHORISTIDA (From: FieldID- Original),"Reed, John",1988-11-13,morphological ID from sample by taxonomic expert,,NaN,present,NaN,,,NaN,,,,,"Rock/Flat, LOW RELIEF HARD BOTTOM",NaN,NaN,NaN,,NaN,NaN,NaN,North Atlantic,Southeast U.S. Continental Shelf,USA,South Atlantic,"Savannah, Georgia",198811131,1988-11-13,1988,,31.53183,-79.7385,62,reported,67,65,62,NaN,NaN,NaN,NaN,62,62,>1000m,USBL,Difference from CRM: 0m,1988111,Seward Johnson R/V,"Reed, John",Harbor Branch Oceanographic Institute,Biomedical And Biodiversity Research Of The Benthic Communities With Emphasis On Porifera And Gorgonacea,"From Reed/BMR Archives | Data from this cruise used in: Reed 2004, Reed et al. 2006",JSL-II-1696,submersible,Johnson Sea Link II DSR/V,Johnson-Sea-Link II (Submersible),Harbor Branch Oceanographic Institute,"Reed, John: jreed12@fau.edu",2018-02-12,specimen,Harbor Branch Oceanographic Institute,"Reed, J. (1988). 1988111 Cruise Report.pdf; HBOI Division of Biomedical Marine Research- SE USA; Savannah Lithoherms (JSL-II 1690-1699) cruise aboard the R/V Seward Johnson [data].",198811131013,,HBOI_SJ-88-11,,
910855,demosponge,,Ircinia,,genus,131751,Porifera,Demospongiae,Keratosa,Dictyoceratida,,Irciniidae,,Ircinia,,,,"Nardo, 1833",Dysidicinia | Euricinia | Filifera | Filifera (Hircinia) | Hircinella | Hircinia | Hircinia (Dysidicinia) | Hircinia (Euricinia) | Hircinia (Hircinella) | Polytherses | Stematumenia,DSCRTP_og_scientificname: Ircinia | IRCINIA SP. (From: FieldID- Original),"Reed, John",1988-11-13,morphological ID from sample by taxonomic expert,,NaN,present,NaN,,,NaN,,,,,"Rock/Flat, LOW RELIEF HARD BOTTOM",NaN,NaN,NaN,,NaN,NaN,NaN,North Atlantic,Southeast U.S. Continental Shelf,USA,South Atlantic,"Savannah, Georgia",198811131,1988-11-13,1988,,31.53183,-79.7385,61,reported,67,65,62,NaN,NaN,NaN,NaN,61,61,>1000m,USBL,Difference from CRM: 1m,1988111,Seward Johnson R/V,"Reed, John",Harbor Branch Oceanographic Institute,Biomedical And Biodiversity Research Of The Benthic Communities With Emphasis On Porifera And Gorgonacea,"From Reed/BMR Archives | Data from this cruise used in: Reed 2004, Reed et al. 2006",JSL-II-1696,submersible,Johnson Sea Link II DSR/V,Johnson-Sea-Link II (Submersible),Harbor Branch Oceanographic Institute,"Reed, John: jreed12@fau.edu",2018-02-12,specimen,Harbor Branch Oceanographic Institute,"Reed, J. (1988). 1988111 Cruise Report.pdf; HBOI Division of Biomedical Marine Research- SE USA; Savannah Lithoherms (JSL-II 1690-1699) cruise aboard the R/V Seward Johnson [data].",198811131014,,HBOI_SJ-88-11,,
910856,demosponge,,Axinellida,,order,163084,Porifera,Demospongiae,Heteroscleromorpha,Axinellida,,,,,,,,"L\u00e9vi, 1953",,DSCRTP_og_scientificname: Axinellida | AXINELLIDA (From: FieldID- Original),"Reed, John",1988-11-13,morphological ID from sample by taxonomic expert,,NaN,present,NaN,,,NaN,,,,,"Rock/Flat, LOW RELIEF HARD BOTTOM",NaN,NaN,NaN,,NaN,NaN,NaN,North Atlantic,Southeast U.S. Continental Shelf,USA,South Atlantic,"Savannah, Georgia",198811131,1988-11-13,1988,,31.53183,-79.7385,61,reported,67,65,62,NaN,NaN,NaN,NaN,61,61,>1000m,USBL,Difference from CRM: 1m,1988111,Seward Johnson R/V,"Reed, John",Harbor Branch Oceanographic Institute,Biomedical And Biodiversity Research Of The Benthic Communities With Emphasis On Porifera And Gorgonacea,"From Reed/BMR Archives | Data from this cruise used in: Reed 2004, Reed et al. 2006",JSL-II-1696,submersible,Johnson Sea Link II DSR/V,Johnson-Sea-Link II (Submersible),Harbor Branch Oceanographic Institute,"Reed, John: jreed12@fau.edu",2018-02-12,specimen,Harbor Branch Oceanographic Institute,"Reed, J. (1988). 1988111 Cruise Report.pdf; HBOI Division of Biomedical Marine Research- SE USA; Savannah Lithoherms (JSL-II 1690-1699) cruise aboard the R/V Seward Johnson [data].",198811131016,,HBOI_SJ-88-11,,
910857,demosponge,,Cinachyra,,genus,132092,Porifera,Demospongiae,Heteroscleromorpha,Tetractinellida,Spirophorina,Tetillidae,,Cinachyra,,,,"Sollas, 1886",Cinochyra,DSCRTP_og_scientificname: Cinachyra | CINACHYRA SP. (From: FieldID- Original),"Reed, John",1988-11-13,morphological ID from sample by taxonomic expert,,NaN,present,NaN,,,NaN,,,,,"Rock/Flat, LOW RELIEF HARD BOTTOM",NaN,NaN,NaN,,NaN,NaN,NaN,North Atlantic,Southeast U.S. Continental Shelf,USA,South Atlantic,"Savannah, Georgia",198811131,1988-11-13,1988,,31.53183,-79.7385,61,reported,67,65,62,NaN,NaN,NaN,NaN,61,61,>1000m,USBL,Difference from CRM: 1m,1988111,Seward Johnson R/V,"Reed, John",Harbor Branch Oceanographic Institute,Biomedical And Biodiversity Research Of The Benthic Communities With Emphasis On Porifera And Gorgonacea,"From Reed/BMR Archives | Data from this cruise used in: Reed 2004, Reed et al. 2006",JSL-II-1696,submersible,Johnson Sea Link II DSR/V,Johnson-Sea-Link II (Submersible),Harbor Branch Oceanographic Institute,"Reed, John: jreed12@fau.edu",2018-02-12,specimen,Harbor Branch Oceanographic Institute,"Reed, J. (1988). 1988111 Cruise Report.pdf; HBOI Division of Biomedical Marine Research- SE USA; Savannah Lithoherms (JSL-II 1690-1699) cruise aboard the R/V Seward Johnson [data].",198811131017,,HBOI_SJ-88-11,,
910858,demosponge,,Axinellidae,,family,131629,Porifera,Demospongiae,Heteroscleromorpha,Axinellida,,Axinellidae,,,,,,"Carter, 1875",Phakellidae,DSCRTP_og_scientificname: Axinellidae | AXINELLIDAE (From: TaxRevised),"Pomponi, Shirley A.",1992-06-09,morphological ID from sample by taxonomic expert,,NaN,present,NaN,,,NaN,,,,,Rock-sand-rubble/slope; lophelia Pinnacle,NaN,NaN,NaN,,NaN,NaN,NaN,North Atlantic,Southeast U.S. Continental Shelf,USA,South Atlantic,"Savannah, Georgia",198811141,1988-11-14,1988,,31.697,-79.14333,541,reported,527,535,NaN,NaN,NaN,NaN,NaN,541,541,>1000m,USBL,Difference from GEBCO: 6m,1988111,Seward Johnson R/V,"Reed, John",Harbor Branch Oceanographic Institute,Biomedical And Biodiversity Research Of The Benthic Communities With Emphasis On Porifera And Gorgonacea,"From Reed/BMR Archives | Data from this cruise used in: Reed 2004, Reed et al. 2006",JSL-II-1697,submersible,Johnson Sea Link II DSR/V,Johnson-Sea-Link II (Submersible),Harbor Branch Oceanographic Institute,"Reed, John: jreed12@fau.edu",2018-02-12,specimen,Harbor Branch Oceanographic Institute,"Reed, J. (1988). 1988111 Cruise Report.pdf; HBOI Division of Biomedical Marine Research- SE USA; Savannah Lithoherms (JSL-II 1690-1699) cruise aboard the R/V Seward Johnson [data].",198811141001,,HBOI_SJ-88-11,,
910859,demosponge,,Stylocordyla,,genus,132063,Porifera,Demospongiae,Heteroscleromorpha,Suberitida,,Stylocordylidae,,Stylocordyla,,,,"Thomson, 1873",Oxycordyla | Stylorhiza,DSCRTP_og_scientificname: Stylocordyla | STYLOCORDYLA SP. (From: TaxRevised),"Pomponi, Shirley A.",1992-06-09,morphological ID from sample by taxonomic expert,,NaN,present,NaN,,,NaN,,,,,Rock-sand-rubble/slope; lophelia Pinnacle,NaN,NaN,NaN,,NaN,NaN,NaN,North Atlantic,Southeast U.S. Continental Shelf,USA,South Atlantic,"Savannah, Georgia",198811141,1988-11-14,1988,,31.697,-79.14333,541,reported,527,535,NaN,NaN,NaN,NaN,NaN,541,541,>1000m,USBL,Difference from GEBCO: 6m,1988111,Seward Johnson R/V,"Reed, John",Harbor Branch Oceanographic Institute,Biomedical And Biodiversity Research Of The Benthic Communities With Emphasis On Porifera And Gorgonacea,"From Reed/BMR Archives | Data from this cruise used in: Reed 2004, Reed et al. 2006",JSL-II-1697,submersible,Johnson Sea Link II DSR/V,Johnson-Sea-Link II (Submersible),Harbor Branch Oceanographic Institute,"Reed, John: jreed12@fau.edu",2018-02-12,specimen,Harbor Branch Oceanographic Institute,"Reed, J. (1988). 1988111 Cruise Report.pdf; HBOI Division of Biomedical Marine Research- SE USA; Savannah Lithoherms (JSL-II 1690-1699) cruise aboard the R/V Seward Johnson [data].",198811141002,,HBOI_SJ-88-11,,
910860,demosponge,,Tetractinellida,,order,597812,Porifera,Demospongiae,Heteroscleromorpha,Tetractinellida,,,,,,,,"Marshall, 1876",Ancorinida | Choristida | Craniellida | Dicranocladina | Megamorina | Poecillastrida | Rhizomorina | Tetracladina,DSCRTP_og_scientificname: Tetractinellida | Choristida (From: FieldID- Original),"Reed, John",1988-11-14,morphological ID from sample by taxonomic expert,,NaN,present,NaN,,,NaN,,,,,Rock-sand-rubble/slope; lophelia Pinnacle,NaN,NaN,NaN,,NaN,NaN,NaN,North Atlantic,Southeast U.S. Continental Shelf,USA,South Atlantic,"Savannah, Georgia",198811141,1988-11-14,1988,,31.697,-79.14333,536,reported,527,535,NaN,NaN,NaN,NaN,NaN,536,536,>1000m,USBL,Difference from GEBCO: 1m,1988111,Seward Johnson R/V,"Reed, John",Harbor Branch Oceanographic Institute,Biomedical And Biodiversity Research Of The Benthic Communities With Emphasis On Porifera And Gorgonacea,"From Reed/BMR Archives | Data from this cruise used in: Reed 2004, Reed et al. 2006",JSL-II-1697,submersible,Johnson Sea Link II DSR/V,Johnson-Sea-Link II (Submersible),Harbor Branch Oceanographic Institute,"Reed, John: jreed12@fau.edu",2018-02-12,specimen,Harbor Branch Oceanographic Institute,"Reed, J. (1988). 1988111 Cruise Report.pdf; HBOI Division of Biomedical Marine Research- SE USA; Savannah Lithoherms (JSL-II 1690-1699) cruise aboard the R/V Seward Johnson [data].",198811141003,,HBOI_SJ-88-11,,
910861,demosponge,chalice horny sponge | chalice sponge,Phakellia ventilabrum,,species,132511,Porifera,Demospongiae,Heteroscleromorpha,Bubarida,,Bubaridae,,Phakellia,,ventilabrum,,"(Linnaeus, 1767)",Halichondria ventilabrum | Phacellia ventilabrum | Phakellia ventilabra | Spongia strigosa | Spongia venosa | Spongia ventilabra | Spongia ventilabrum,DSCRTP_og_scientificname: Phakellia ventilabrum | PHAKELLIA VENTILABRUM? (From: TaxRevised),"Pomponi, Shirley A.",1992-06-09,ID Uncertain,,NaN,present,NaN,,,NaN,,,,,Rock-sand-rubble/slope; lophelia Pinnacle,NaN,NaN,NaN,,NaN,NaN,NaN,North Atlantic,Southeast U.S. Continental Shelf,USA,South Atlantic,"Savannah, Georgia",198811141,1988-11-14,1988,,31.697,-79.14333,536,reported,527,535,NaN,NaN,NaN,NaN,NaN,536,536,>1000m,USBL,Difference from GEBCO: 1m,1988111,Seward Johnson R/V,"Reed, John",Harbor Branch Oceanographic Institute,Biomedical And Biodiversity Research Of The Benthic Communities With Emphasis On Porifera And Gorgonacea,"From Reed/BMR Archives | Data from this cruise used in: Reed 2004, Reed et al. 2006",JSL-II-1697,submersible,Johnson Sea Link II DSR/V,Johnson-Sea-Link II (Submersible),Harbor Branch Oceanographic Institute,"Reed, John: jreed12@fau.edu",2018-02-12,video observation,Harbor Branch Oceanographic Institute,"Reed, J. (1988). 1988111 Cruise Report.pdf; HBOI Division of Biomedical Marine Research- SE USA; Savannah Lithoherms (JSL-II 1690-1699) cruise aboard the R/V Seward Johnson [data].",198811141004,,HBOI_SJ-88-11,,
910862,demosponge,,Poecillastra,,genus,132016,Porifera,Demospongiae,Heteroscleromorpha,Tetractinellida,Astrophorina,Vulcanellidae,,Poecillastra,,,,"Sollas, 1888",Chelotropaena | Normania,DSCRTP_og_scientificname: Poecillastra | POECILLASTRA? SP. (From: TaxRevised),"Pomponi, Shirley A.",1992-06-09,ID Uncertain,,NaN,present,NaN,,,NaN,,,,,Rock-sand-rubble/slope; lophelia Pinnacle,NaN,NaN,NaN,,NaN,NaN,NaN,North Atlantic,Southeast U.S. Continental Shelf,USA,South Atlantic,"Savannah, Georgia",198811141,1988-11-14,1988,,31.697,-79.14333,535,reported,527,535,NaN,NaN,NaN,NaN,NaN,535,535,>1000m,USBL,Difference from GEBCO: 0m,1988111,Seward Johnson R/V,"Reed, John",Harbor Branch Oceanographic Institute,Biomedical And Biodiversity Research Of The Benthic Communities With Emphasis On Porifera And Gorgonacea,"From Reed/BMR Archives | Data from this cruise used in: Reed 2004, Reed et al. 2006",JSL-II-1697,submersible,Johnson Sea Link II DSR/V,Johnson-Sea-Link II (Submersible),Harbor Branch Oceanographic Institute,"Reed, John: jreed12@fau.edu",2018-02-12,video observation,Harbor Branch Oceanographic Institute,"Reed, J. (1988). 1988111 Cruise Report.pdf; HBOI Division of Biomedical Marine Research- SE USA; Savannah Lithoherms (JSL-II 1690-1699) cruise aboard the R/V Seward Johnson [data].",198811141005,,HBOI_SJ-88-11,,
910863,soft coral,,Dacrygorgia,Eunicella,genus,1608977,Cnidaria,Anthozoa,Octocorallia,Malacalcyonacea,,Pterogorgiidae,,Dacrygorgia,,,,"McFadden, van Ofwegen & Quattrini, 2022",,DSCRTP_og_scientificname: Dacrygorgia | Eunicella sp. (From: FieldID- Original),"Reed, John",1988-11-14,morphological ID from sample by taxonomic expert,,NaN,present,NaN,,,NaN,,,,,Rock-sand-rubble/slope; lophelia Pinnacle,NaN,NaN,NaN,,NaN,NaN,NaN,North Atlantic,Southeast U.S. Continental Shelf,USA,South Atlantic,"Savannah, Georgia",198811141,1988-11-14,1988,,31.697,-79.14333,535,reported,527,535,NaN,NaN,NaN,NaN,NaN,535,535,>1000m,USBL,Difference from GEBCO: 0m,1988111,Seward Johnson R/V,"Reed, John",Harbor Branch Oceanographic Institute,Biomedical And Biodiversity Research Of The Benthic Communities With Emphasis On Porifera And Gorgonacea,"From Reed/BMR Archives | Data from this cruise used in: Reed 2004, Reed et al. 2006",JSL-II-1697,submersible,Johnson Sea Link II DSR/V,Johnson-Sea-Link II (Submersible),Harbor Branch Oceanographic Institute,"Reed, John: jreed12@fau.edu",2018-02-12,specimen,Harbor Branch Oceanographic Institute,"Reed, J. (1988). 1988111 Cruise Report.pdf; HBOI Division of Biomedical Marine Research- SE USA; Savannah Lithoherms (JSL-II 1690-1699) cruise aboard the R/V Seward Johnson [data].",198811141006,,HBOI_SJ-88-11,,
910864,demosponge,,Raspailiidae,,family,131642,Porifera,Demospongiae,Heteroscleromorpha,Axinellida,,Raspailiidae,,,,,,"Nardo, 1833",Sollasellidae,DSCRTP_og_scientificname: Raspailiidae | RASPAILIIDAE (From: TaxRevised),"Pomponi, Shirley A.",1992-06-09,morphological ID from sample by taxonomic expert,,NaN,present,NaN,,,NaN,,,,,Rock-sand-rubble/slope; lophelia Pinnacle,NaN,NaN,NaN,,NaN,NaN,NaN,North Atlantic,Southeast U.S. Continental Shelf,USA,South Atlantic,"Savannah, Georgia",198811141,1988-11-14,1988,,31.697,-79.14333,535,reported,527,535,NaN,NaN,NaN,NaN,NaN,535,535,>1000m,USBL,Difference from GEBCO: 0m,1988111,Seward Johnson R/V,"Reed, John",Harbor Branch Oceanographic Institute,Biomedical And Biodiversity Research Of The Benthic Communities With Emphasis On Porifera And Gorgonacea,"From Reed/BMR Archives | Data from this cruise used in: Reed 2004, Reed et al. 2006",JSL-II-1697,submersible,Johnson Sea Link II DSR/V,Johnson-Sea-Link II (Submersible),Harbor Branch Oceanographic Institute,"Reed, John: jreed12@fau.edu",2018-02-12,specimen,Harbor Branch Oceanographic Institute,"Reed, J. (1988). 1988111 Cruise Report.pdf; HBOI Division of Biomedical Marine Research- SE USA; Savannah Lithoherms (JSL-II 1690-1699) cruise aboard the R/V Seward Johnson [data].",198811141007,,HBOI_SJ-88-11,,
910865,demosponge,,Pachastrella monilifera,,species,134078,Porifera,Demospongiae,Heteroscleromorpha,Tetractinellida,Astrophorina,Pachastrellidae,,Pachastrella,,monilifera,,"Schmidt, 1868",Pachastrella monilifer,DSCRTP_og_scientificname: Pachastrella monilifera | PACHASTRELLA MONILIFERA? (From: TaxRevised),"Pomponi, Shirley A.",1992-06-09,ID Uncertain,,NaN,present,NaN,,,NaN,,,,,Rock-sand-rubble/slope; lophelia Pinnacle,NaN,NaN,NaN,,NaN,NaN,NaN,North Atlantic,Southeast U.S. Continental Shelf,USA,South Atlantic,"Savannah, Georgia",198811141,1988-11-14,1988,,31.697,-79.14333,534,reported,527,535,NaN,NaN,NaN,NaN,NaN,534,534,>1000m,USBL,Difference from GEBCO: 1m,1988111,Seward Johnson R/V,"Reed, John",Harbor Branch Oceanographic Institute,Biomedical And Biodiversity Research Of The Benthic Communities With Emphasis On Porifera And Gorgonacea,"From Reed/BMR Archives | Data from this cruise used in: Reed 2004, Reed et al. 2006",JSL-II-1697,submersible,Johnson Sea Link II DSR/V,Johnson-Sea-Link II (Submersible),Harbor Branch Oceanographic Institute,"Reed, John: jreed12@fau.edu",2018-02-12,video observation,Harbor Branch Oceanographic Institute,"Reed, J. (1988). 1988111 Cruise Report.pdf; HBOI Division of Biomedical Marine Research- SE USA; Savannah Lithoherms (JSL-II 1690-1699) cruise aboard the R/V Seward Johnson [data].",198811141008,,HBOI_SJ-88-11,,
910866,demosponge,,Poecillastra,,genus,132016,Porifera,Demospongiae,Heteroscleromorpha,Tetractinellida,Astrophorina,Vulcanellidae,,Poecillastra,,,,"Sollas, 1888",Chelotropaena | Normania,DSCRTP_og_scientificname: Poecillastra | POECILLASTRA? SP. (From: TaxRevised),"Pomponi, Shirley A.",1992-06-09,ID Uncertain,,NaN,present,NaN,,,NaN,,,,,Rock-sand-rubble/slope; lophelia Pinnacle,NaN,NaN,NaN,,NaN,NaN,NaN,North Atlantic,Southeast U.S. Continental Shelf,USA,South Atlantic,"Savannah, Georgia",198811141,1988-11-14,1988,,31.697,-79.14333,533,reported,527,535,NaN,NaN,NaN,NaN,NaN,533,533,>1000m,USBL,Difference from GEBCO: 2m,1988111,Seward Johnson R/V,"Reed, John",Harbor Branch Oceanographic Institute,Biomedical And Biodiversity Research Of The Benthic Communities With Emphasis On Porifera And Gorgonacea,"From Reed/BMR Archives | Data from this cruise used in: Reed 2004, Reed et al. 2006",JSL-II-1697,submersible,Johnson Sea Link II DSR/V,Johnson-Sea-Link II (Submersible),Harbor Branch Oceanographic Institute,"Reed, John: jreed12@fau.edu",2018-02-12,video observation,Harbor Branch Oceanographic Institute,"Reed, J. (1988). 1988111 Cruise Report.pdf; HBOI Division of Biomedical Marine Research- SE USA; Savannah Lithoherms (JSL-II 1690-1699) cruise aboard the R/V Seward Johnson [data].",198811141009,,HBOI_SJ-88-11,,
910867,demosponge,,Siphonodictyon,,genus,178375,Porifera,Demospongiae,Heteroscleromorpha,Haplosclerida,,Phloeodictyidae,,Siphonodictyon,,,,"Bergquist, 1965",Acca | Aka,DSCRTP_og_scientificname: Siphonodictyon | SIPHONODICTYON (AKA) SP. (From: TaxRevised),"Pomponi, Shirley A.",1992-06-09,morphological ID from sample by taxonomic expert,,NaN,present,NaN,,,NaN,,,,,Rock-sand-rubble/slope; lophelia Pinnacle,NaN,NaN,NaN,,NaN,NaN,NaN,North Atlantic,Southeast U.S. Continental Shelf,USA,South Atlantic,"Savannah, Georgia",198811142,1988-11-14,1988,,31.69167,-79.301,519,reported,246,246,248,NaN,NaN,NaN,NaN,519,519,>1000m,USBL,Difference from CRM: 271m,1988111,Seward Johnson R/V,"Reed, John",Harbor Branch Oceanographic Institute,Biomedical And Biodiversity Research Of The Benthic Communities With Emphasis On Porifera And Gorgonacea,"From Reed/BMR Archives | Data from this cruise used in: Reed 2004, Reed et al. 2006",JSL-II-1698,submersible,Johnson Sea Link II DSR/V,Johnson-Sea-Link II (Submersible),Harbor Branch Oceanographic Institute,"Reed, John: jreed12@fau.edu",2018-02-12,specimen,Harbor Branch Oceanographic Institute,"Reed, J. (1988). 1988111 Cruise Report.pdf; HBOI Division of Biomedical Marine Research- SE USA; Savannah Lithoherms (JSL-II 1690-1699) cruise aboard the R/V Seward Johnson [data].",198811142002,,HBOI_SJ-88-11,,
910868,demosponge,,Phakellia,,genus,131779,Porifera,Demospongiae,Heteroscleromorpha,Bubarida,,Bubaridae,,Phakellia,,,,"Bowerbank, 1862",Adreissa | Phacellia,DSCRTP_og_scientificname: Phakellia | PHAKELLIA SP. (From: TaxRevised),"Pomponi, Shirley A.",1992-06-09,morphological ID from sample by taxonomic expert,,NaN,present,NaN,,,NaN,,,,,Rock-sand-rubble/slope; lophelia Pinnacle,NaN,NaN,NaN,,NaN,NaN,NaN,North Atlantic,Southeast U.S. Continental Shelf,USA,South Atlantic,"Savannah, Georgia",198811142,1988-11-14,1988,,31.69167,-79.301,518,reported,246,246,248,NaN,NaN,NaN,NaN,518,518,>1000m,USBL,Difference from CRM: 270m,1988111,Seward Johnson R/V,"Reed, John",Harbor Branch Oceanographic Institute,Biomedical And Biodiversity Research Of The Benthic Communities With Emphasis On Porifera And Gorgonacea,"From Reed/BMR Archives | Data from this cruise used in: Reed 2004, Reed et al. 2006",JSL-II-1698,submersible,Johnson Sea Link II DSR/V,Johnson-Sea-Link II (Submersible),Harbor Branch Oceanographic Institute,"Reed, John: jreed12@fau.edu",2018-02-12,specimen,Harbor Branch Oceanographic Institute,"Reed, J. (1988). 1988111 Cruise Report.pdf; HBOI Division of Biomedical Marine Research- SE USA; Savannah Lithoherms (JSL-II 1690-1699) cruise aboard the R/V Seward Johnson [data].",198811142003,,HBOI_SJ-88-11,,
910869,soft coral,,Pseudodrifa nigra,,species,290874,Cnidaria,Anthozoa,Octocorallia,Malacalcyonacea,,Capnellidae,,Pseudodrifa,,nigra,,"(Pourtal\u00e8s, 1868)",Eunephthya nigra | Nephthya nigra | Paraspongodes nigra,DSCRTP_og_scientificname: Pseudodrifa nigra | Eunephthya ?nigra (From: FieldID- Original),"Reed, John",1988-11-14,ID Uncertain,,NaN,present,NaN,,,NaN,,,,,Rock-sand-rubble/slope; lophelia Pinnacle,NaN,NaN,NaN,,NaN,NaN,NaN,North Atlantic,Southeast U.S. Continental Shelf,USA,South Atlantic,"Savannah, Georgia",198811142,1988-11-14,1988,,31.69167,-79.301,517,reported,246,246,248,NaN,NaN,NaN,NaN,517,517,>1000m,USBL,Difference from CRM: 269m,1988111,Seward Johnson R/V,"Reed, John",Harbor Branch Oceanographic Institute,Biomedical And Biodiversity Research Of The Benthic Communities With Emphasis On Porifera And Gorgonacea,"From Reed/BMR Archives | Data from this cruise used in: Reed 2004, Reed et al. 2006",JSL-II-1698,submersible,Johnson Sea Link II DSR/V,Johnson-Sea-Link II (Submersible),Harbor Branch Oceanographic Institute,"Reed, John: jreed12@fau.edu",2018-02-12,video observation,Harbor Branch Oceanographic Institute,"Reed, J. (1988). 1988111 Cruise Report.pdf; HBOI Division of Biomedical Marine Research- SE USA; Savannah Lithoherms (JSL-II 1690-1699) cruise aboard the R/V Seward Johnson [data].",198811142004,,HBOI_SJ-88-11,,
910870,glass sponge,,Farrea,,genus,132107,Porifera,Hexactinellida,Hexasterophora,Sceptrulophora,,Farreidae,,Farrea,,,,"Bowerbank, 1862",Aulodictyon | Chonodictyon | Phyllobrochis,DSCRTP_og_scientificname: Farrea | ?Farrea sp. (From: FieldID- Original),"Reed, John",1988-11-14,ID Uncertain,,NaN,present,NaN,,,NaN,,,,,Rock-sand-rubble/slope; lophelia Pinnacle,NaN,NaN,NaN,,NaN,NaN,NaN,North Atlantic,Southeast U.S. Continental Shelf,USA,South Atlantic,"Savannah, Georgia",198811142,1988-11-14,1988,,31.69167,-79.301,499,reported,246,246,248,NaN,NaN,NaN,NaN,499,499,>1000m,USBL,Difference from CRM: 251m,1988111,Seward Johnson R/V,"Reed, John",Harbor Branch Oceanographic Institute,Biomedical And Biodiversity Research Of The Benthic Communities With Emphasis On Porifera And Gorgonacea,"From Reed/BMR Archives | Data from this cruise used in: Reed 2004, Reed et al. 2006",JSL-II-1698,submersible,Johnson Sea Link II DSR/V,Johnson-Sea-Link II (Submersible),Harbor Branch Oceanographic Institute,"Reed, John: jreed12@fau.edu",2018-02-12,video observation,Harbor Branch Oceanographic Institute,"Reed, J. (1988). 1988111 Cruise Report.pdf; HBOI Division of Biomedical Marine Research- SE USA; Savannah Lithoherms (JSL-II 1690-1699) cruise aboard the R/V Seward Johnson [data].",198811142005,,HBOI_SJ-88-11,,
910871,demosponge,,Tetractinellida,,order,597812,Porifera,Demospongiae,Heteroscleromorpha,Tetractinellida,,,,,,,,"Marshall, 1876",Ancorinida | Choristida | Craniellida | Dicranocladina | Megamorina | Poecillastrida | Rhizomorina | Tetracladina,DSCRTP_og_scientificname: Tetractinellida | CHORISTIDA (From: FieldID- Original),"Reed, John",1988-11-15,morphological ID from sample by taxonomic expert,,NaN,present,NaN,,,NaN,,,,,Rock-sand/Flat; Low Relief Hard Bottom,NaN,NaN,NaN,,NaN,NaN,NaN,North Atlantic,Southeast U.S. Continental Shelf,USA,South Atlantic,"Savannah, Georgia",198811151,1988-11-15,1988,,31.528,-79.74483,61,reported,58,61,60,NaN,NaN,NaN,NaN,61,61,>1000m,USBL,Difference from CRM: 1m,1988111,Seward Johnson R/V,"Reed, John",Harbor Branch Oceanographic Institute,Biomedical And Biodiversity Research Of The Benthic Communities With Emphasis On Porifera And Gorgonacea,"From Reed/BMR Archives | Data from this cruise used in: Reed 2004, Reed et al. 2006",JSL-II-1699,submersible,Johnson Sea Link II DSR/V,Johnson-Sea-Link II (Submersible),Harbor Branch Oceanographic Institute,"Reed, John: jreed12@fau.edu",2018-02-12,specimen,Harbor Branch Oceanographic Institute,"Reed, J. (1988). 1988111 Cruise Report.pdf; HBOI Division of Biomedical Marine Research- SE USA; Savannah Lithoherms (JSL-II 1690-1699) cruise aboard the R/V Seward Johnson [data].",198811151002,,HBOI_SJ-88-11,,
910872,demosponge,blue bleeder | branching tube sponge,Aiolochroia crassa,,species,169632,Porifera,Demospongiae,Verongimorpha,Verongiida,,Aplysinidae,,Aiolochroia,,crassa,,"(Hyatt, 1875)",Aiolochroia ianthella | Aplysina crassa | Dendrospongia crassa | Ianthella ardis | Ianthella basta | Ianthella ianthella | Pseudoceratina crassa | Verongia crassa | Verongula ardis,DSCRTP_og_scientificname: Aiolochroia crassa | ?PSEUDOCERATINA CRASSA (From: FieldID- Original),"Reed, John",1988-11-15,ID Uncertain,,NaN,present,NaN,,,NaN,,,,,Rock-sand/Flat; Low Relief Hard Bottom,NaN,NaN,NaN,,NaN,NaN,NaN,North Atlantic,Southeast U.S. Continental Shelf,USA,South Atlantic,"Savannah, Georgia",198811151,1988-11-15,1988,,31.528,-79.74483,58,reported,58,61,60,NaN,NaN,NaN,NaN,58,58,>1000m,USBL,Difference from CRM: 2m,1988111,Seward Johnson R/V,"Reed, John",Harbor Branch Oceanographic Institute,Biomedical And Biodiversity Research Of The Benthic Communities With Emphasis On Porifera And Gorgonacea,"From Reed/BMR Archives | Data from this cruise used in: Reed 2004, Reed et al. 2006",JSL-II-1699,submersible,Johnson Sea Link II DSR/V,Johnson-Sea-Link II (Submersible),Harbor Branch Oceanographic Institute,"Reed, John: jreed12@fau.edu",2018-02-12,video observation,Harbor Branch Oceanographic Institute,"Reed, J. (1988). 1988111 Cruise Report.pdf; HBOI Division of Biomedical Marine Research- SE USA; Savannah Lithoherms (JSL-II 1690-1699) cruise aboard the R/V Seward Johnson [data].",198811151003,,HBOI_SJ-88-11,,
910873,soft coral,,Telesto,,genus,177688,Cnidaria,Anthozoa,Octocorallia,Malacalcyonacea,,Tubiporidae,,Telesto,,,,"Lamouroux, 1812",,DSCRTP_og_scientificname: Telesto | TELESTO SP. (From: FieldID- Original),"Reed, John",1988-11-15,morphological ID from sample by taxonomic expert,,NaN,present,NaN,,,NaN,,,,,Rock-sand/Flat; Low Relief Hard Bottom,NaN,NaN,NaN,,NaN,NaN,NaN,North Atlantic,Southeast U.S. Continental Shelf,USA,South Atlantic,"Savannah, Georgia",198811151,1988-11-15,1988,,31.528,-79.74483,58,reported,58,61,60,NaN,NaN,NaN,NaN,58,58,>1000m,USBL,Difference from CRM: 2m,1988111,Seward Johnson R/V,"Reed, John",Harbor Branch Oceanographic Institute,Biomedical And Biodiversity Research Of The Benthic Communities With Emphasis On Porifera And Gorgonacea,"From Reed/BMR Archives | Data from this cruise used in: Reed 2004, Reed et al. 2006",JSL-II-1699,submersible,Johnson Sea Link II DSR/V,Johnson-Sea-Link II (Submersible),Harbor Branch Oceanographic Institute,"Reed, John: jreed12@fau.edu",2018-02-12,specimen,Harbor Branch Oceanographic Institute,"Reed, J. (1988). 1988111 Cruise Report.pdf; HBOI Division of Biomedical Marine Research- SE USA; Savannah Lithoherms (JSL-II 1690-1699) cruise aboard the R/V Seward Johnson [data].",198811151004,,HBOI_SJ-88-11,,
910874,demosponge,,Axinellida,,order,163084,Porifera,Demospongiae,Heteroscleromorpha,Axinellida,,,,,,,,"L\u00e9vi, 1953",,DSCRTP_og_scientificname: Axinellida | AXINELLIDA (From: FieldID- Original),"Reed, John",1988-11-15,morphological ID from sample by taxonomic expert,,NaN,present,NaN,,,NaN,,,,,Rock-sand/Flat; Low Relief Hard Bottom,NaN,NaN,NaN,,NaN,NaN,NaN,North Atlantic,Southeast U.S. Continental Shelf,USA,South Atlantic,"Savannah, Georgia",198811151,1988-11-15,1988,,31.528,-79.74483,58,reported,58,61,60,NaN,NaN,NaN,NaN,58,58,>1000m,USBL,Difference from CRM: 2m,1988111,Seward Johnson R/V,"Reed, John",Harbor Branch Oceanographic Institute,Biomedical And Biodiversity Research Of The Benthic Communities With Emphasis On Porifera And Gorgonacea,"From Reed/BMR Archives | Data from this cruise used in: Reed 2004, Reed et al. 2006",JSL-II-1699,submersible,Johnson Sea Link II DSR/V,Johnson-Sea-Link II (Submersible),Harbor Branch Oceanographic Institute,"Reed, John: jreed12@fau.edu",2018-02-12,specimen,Harbor Branch Oceanographic Institute,"Reed, J. (1988). 1988111 Cruise Report.pdf; HBOI Division of Biomedical Marine Research- SE USA; Savannah Lithoherms (JSL-II 1690-1699) cruise aboard the R/V Seward Johnson [data].",198811151005,,HBOI_SJ-88-11,,
910875,demosponge,bell sponge | vase sponge,Ircinia campana,,species,165009,Porifera,Demospongiae,Keratosa,Dictyoceratida,,Irciniidae,,Ircinia,,campana,,"(Lamarck, 1814)",Hircinia (Sarcotragus) campana | Hircinia campana | Hircinia campana var. fixa | Hircinia campana var. typica | Polytherses campana | Polytherses campana var. dimidiata | Polytherses campana var. fixa | Spongia campana | Stematumenia scyphus,DSCRTP_og_scientificname: Ircinia campana | IRCINIA CAMPANA (From: FieldID- Original),"Reed, John",1988-11-15,morphological ID from sample by taxonomic expert,,NaN,present,NaN,,,NaN,,,,,Rock-sand/Flat; Low Relief Hard Bottom,NaN,NaN,NaN,,NaN,NaN,NaN,North Atlantic,Southeast U.S. Continental Shelf,USA,South Atlantic,"Savannah, Georgia",198811151,1988-11-15,1988,,31.528,-79.74483,58,reported,58,61,60,NaN,NaN,NaN,NaN,58,58,>1000m,USBL,Difference from CRM: 2m,1988111,Seward Johnson R/V,"Reed, John",Harbor Branch Oceanographic Institute,Biomedical And Biodiversity Research Of The Benthic Communities With Emphasis On Porifera And Gorgonacea,"From Reed/BMR Archives | Data from this cruise used in: Reed 2004, Reed et al. 2006",JSL-II-1699,submersible,Johnson Sea Link II DSR/V,Johnson-Sea-Link II (Submersible),Harbor Branch Oceanographic Institute,"Reed, John: jreed12@fau.edu",2018-02-12,specimen,Harbor Branch Oceanographic Institute,"Reed, J. (1988). 1988111 Cruise Report.pdf; HBOI Division of Biomedical Marine Research- SE USA; Savannah Lithoherms (JSL-II 1690-1699) cruise aboard the R/V Seward Johnson [data].",198811151006,,HBOI_SJ-88-11,,
910876,gorgonian coral,,Plexauridae,,family,125277,Cnidaria,Anthozoa,Octocorallia,Malacalcyonacea,,Plexauridae,,,,,,"Gray, 1859",Allogorgiidae | Euniceidae,DSCRTP_og_scientificname: Plexauridae | PLEXAURIDAE (From: FieldID- Original),"Reed, John",1988-11-15,morphological ID from sample by taxonomic expert,,NaN,present,NaN,,,NaN,,,,,Rock-sand/Flat; Low Relief Hard Bottom,NaN,NaN,NaN,,NaN,NaN,NaN,North Atlantic,Southeast U.S. Continental Shelf,USA,South Atlantic,"Savannah, Georgia",198811151,1988-11-15,1988,,31.528,-79.74483,58,reported,58,61,60,NaN,NaN,NaN,NaN,58,58,>1000m,USBL,Difference from CRM: 2m,1988111,Seward Johnson R/V,"Reed, John",Harbor Branch Oceanographic Institute,Biomedical And Biodiversity Research Of The Benthic Communities With Emphasis On Porifera And Gorgonacea,"From Reed/BMR Archives | Data from this cruise used in: Reed 2004, Reed et al. 2006",JSL-II-1699,submersible,Johnson Sea Link II DSR/V,Johnson-Sea-Link II (Submersible),Harbor Branch Oceanographic Institute,"Reed, John: jreed12@fau.edu",2018-02-12,specimen,Harbor Branch Oceanographic Institute,"Reed, J. (1988). 1988111 Cruise Report.pdf; HBOI Division of Biomedical Marine Research- SE USA; Savannah Lithoherms (JSL-II 1690-1699) cruise aboard the R/V Seward Johnson [data].",198811151007,,HBOI_SJ-88-11,,
910878,demosponge,,Axinellida,,order,163084,Porifera,Demospongiae,Heteroscleromorpha,Axinellida,,,,,,,,"L\u00e9vi, 1953",,DSCRTP_og_scientificname: Axinellida | AXINELLIDA (From: FieldID- Original),"Reed, John",1988-11-15,morphological ID from sample by taxonomic expert,,NaN,present,NaN,,,NaN,,FEW ZOANTHIDS,,,Rock-sand/Flat; Low Relief Hard Bottom,NaN,NaN,NaN,,NaN,NaN,NaN,North Atlantic,Southeast U.S. Continental Shelf,USA,South Atlantic,"Savannah, Georgia",198811151,1988-11-15,1988,,31.528,-79.74483,58,reported,58,61,60,NaN,NaN,NaN,NaN,58,58,>1000m,USBL,Difference from CRM: 2m,1988111,Seward Johnson R/V,"Reed, John",Harbor Branch Oceanographic Institute,Biomedical And Biodiversity Research Of The Benthic Communities With Emphasis On Porifera And Gorgonacea,"From Reed/BMR Archives | Data from this cruise used in: Reed 2004, Reed et al. 2006",JSL-II-1699,submersible,Johnson Sea Link II DSR/V,Johnson-Sea-Link II (Submersible),Harbor Branch Oceanographic Institute,"Reed, John: jreed12@fau.edu",2018-02-12,specimen,Harbor Branch Oceanographic Institute,"Reed, J. (1988). 1988111 Cruise Report.pdf; HBOI Division of Biomedical Marine Research- SE USA; Savannah Lithoherms (JSL-II 1690-1699) cruise aboard the R/V Seward Johnson [data].",198811151011,,HBOI_SJ-88-11,,
910879,gorgonian coral,brilliant sea fingers,Titanideum frauenfeldii,,species,291226,Cnidaria,Anthozoa,Octocorallia,Scleralcyonacea,,Spongiodermidae,,Titanideum,,frauenfeldii,,"(K\u00f6lliker, 1865)",Briareum suberosum | Gorgonia suberosa | Plexaura suberosa | Solanderia frauenfeldii | Titanideum suberosum | Titanidium suberosum,DSCRTP_og_scientificname: Titanideum frauenfeldii | TITANIDEUM FRAUENFELDII (From: FieldID- Original),"Reed, John",1988-11-15,morphological ID from sample by taxonomic expert,,NaN,present,NaN,,,NaN,,,,,Rock-sand/Flat; Low Relief Hard Bottom,NaN,NaN,NaN,,NaN,NaN,NaN,North Atlantic,Southeast U.S. Continental Shelf,USA,South Atlantic,"Savannah, Georgia",198811151,1988-11-15,1988,,31.528,-79.74483,58,reported,58,61,60,NaN,NaN,NaN,NaN,58,58,>1000m,USBL,Difference from CRM: 2m,1988111,Seward Johnson R/V,"Reed, John",Harbor Branch Oceanographic Institute,Biomedical And Biodiversity Research Of The Benthic Communities With Emphasis On Porifera And Gorgonacea,"From Reed/BMR Archives | Data from this cruise used in: Reed 2004, Reed et al. 2006",JSL-II-1699,submersible,Johnson Sea Link II DSR/V,Johnson-Sea-Link II (Submersible),Harbor Branch Oceanographic Institute,"Reed, John: jreed12@fau.edu",2018-02-12,specimen,Harbor Branch Oceanographic Institute,"Reed, J. (1988). 1988111 Cruise Report.pdf; HBOI Division of Biomedical Marine Research- SE USA; Savannah Lithoherms (JSL-II 1690-1699) cruise aboard the R/V Seward Johnson [data].",198811151012,,HBOI_SJ-88-11,,
910880,gorgonian coral,long sea whip,Ellisella elongata,,species,520722,Cnidaria,Anthozoa,Octocorallia,Scleralcyonacea,,Ellisellidae,,Ellisella,,elongata,,"(Pallas, 1766)",Ctenocella barbadensis | Ctenocella elongata | Ctenocella longata | Ellisella barbadensis | Gorgonia elongata | Junceella barbadensis | Junceella barbadensis | Junceella elongata | Juncella elongata | Scirpearia barbadensis | Scirpearia cylindrica | Scirpearia elongata,DSCRTP_og_scientificname: Ellisella elongata | ELLISELLA ?ELONGATA (From: FieldID- Original),"Reed, John",1988-11-15,ID Uncertain,,NaN,present,NaN,,,NaN,,,,,Rock-sand/Flat; Low Relief Hard Bottom,NaN,NaN,NaN,,NaN,NaN,NaN,North Atlantic,Southeast U.S. Continental Shelf,USA,South Atlantic,"Savannah, Georgia",198811151,1988-11-15,1988,,31.528,-79.74483,58,reported,58,61,60,NaN,NaN,NaN,NaN,58,58,>1000m,USBL,Difference from CRM: 2m,1988111,Seward Johnson R/V,"Reed, John",Harbor Branch Oceanographic Institute,Biomedical And Biodiversity Research Of The Benthic Communities With Emphasis On Porifera And Gorgonacea,"From Reed/BMR Archives | Data from this cruise used in: Reed 2004, Reed et al. 2006",JSL-II-1699,submersible,Johnson Sea Link II DSR/V,Johnson-Sea-Link II (Submersible),Harbor Branch Oceanographic Institute,"Reed, John: jreed12@fau.edu",2018-02-12,video observation,Harbor Branch Oceanographic Institute,"Reed, J. (1988). 1988111 Cruise Report.pdf; HBOI Division of Biomedical Marine Research- SE USA; Savannah Lithoherms (JSL-II 1690-1699) cruise aboard the R/V Seward Johnson [data].",198811151013,,HBOI_SJ-88-11,,
910881,gorgonian coral,,Hypnogorgia pendula,Hypnogorgia,species,290166,Cnidaria,Anthozoa,Octocorallia,Octocorallia incertae sedis,,,,Hypnogorgia,,pendula,,"Duchassaing & Michelotti, 1864",,"DSCRTP_og_scientificname: Hypnogorgia pendula | Identified as: Hypnogorgia sp. a monotypic genus.  Recent genetic analysis shows great similarity between the white H. Pendula and the red colored Muricea pendula Verrill, 1868","Reed, John",1988-11-15,morphological ID from sample by taxonomic expert,,NaN,present,NaN,,,NaN,,,,,Rock-sand/Flat; Low Relief Hard Bottom,NaN,NaN,NaN,,NaN,NaN,NaN,North Atlantic,Southeast U.S. Continental Shelf,USA,South Atlantic,"Savannah, Georgia",198811151,1988-11-15,1988,,31.528,-79.74483,58,reported,58,61,60,NaN,NaN,NaN,NaN,58,58,>1000m,USBL,Difference from CRM: 2m,1988111,Seward Johnson R/V,"Reed, John",Harbor Branch Oceanographic Institute,Biomedical And Biodiversity Research Of The Benthic Communities With Emphasis On Porifera And Gorgonacea,"From Reed/BMR Archives | Data from this cruise used in: Reed 2004, Reed et al. 2006",JSL-II-1699,submersible,Johnson Sea Link II DSR/V,Johnson-Sea-Link II (Submersible),Harbor Branch Oceanographic Institute,"Reed, John: jreed12@fau.edu",2018-02-12,specimen,Harbor Branch Oceanographic Institute,"Reed, J. (1988). 1988111 Cruise Report.pdf; HBOI Division of Biomedical Marine Research- SE USA; Savannah Lithoherms (JSL-II 1690-1699) cruise aboard the R/V Seward Johnson [data].",198811151014,,HBOI_SJ-88-11,,
